sample_type,Manure_rate,Compost_rate,global_warming,freshwater_eutrophication,terrestrial_acidification,terrestrial_ecotoxicity
OAT_Manure,7092.02,1500.0,5367.312741596821,0.14563381681587537,4.702575606193683,129.8748976342847
OAT_Manure,10114.54,1500.0,5374.389627609542,0.14563381681587537,5.6660035539416835,129.8748976342847
OAT_Manure,14344.67,1500.0,5384.293994769721,0.14563381681587537,7.014357068428683,129.8748976342847
OAT_Manure,12625.07,1500.0,5380.267747404122,0.14563381681587537,6.466234740388684,129.8748976342847
OAT_Manure,13372.84,1500.0,5382.018565613342,0.14563381681587537,6.704586353111685,129.8748976342847
OAT_Manure,10663.38,1500.0,5375.674673901781,0.14563381681587537,5.840946249057684,129.8748976342847
OAT_Manure,8037.97,1500.0,5369.527575683522,0.14563381681587537,5.004097074098683,129.8748976342847
OAT_Manure,7316.71,1500.0,5367.838827617162,0.14563381681587537,4.774195521224683,129.8748976342847
OAT_Manure,12552.52,1500.0,5380.097879849821,0.14563381681587537,6.4431094351436835,129.8748976342847
OAT_Manure,5821.31,1500.0,5364.337518992762,0.14563381681587537,4.297536920764683,129.8748976342847
OAT_Manure,8172.9,1500.0,5369.843498896501,0.14563381681587537,5.047105998105683,129.8748976342847
OAT_Manure,6982.93,1500.0,5367.057319798081,0.14563381681587537,4.667803179602683,129.8748976342847
OAT_Manure,6851.28,1500.0,5366.749076331182,0.14563381681587537,4.625839755267682,129.8748976342847
OAT_Manure,9406.19,1500.0,5372.7311068364415,0.14563381681587537,5.440217062276683,129.8748976342847
OAT_Manure,9656.74,1500.0,5373.317741098742,0.14563381681587537,5.520079849721682,129.8748976342847
OAT_Manure,10619.1,1500.0,5375.570997329701,0.14563381681587537,5.826832003485683,129.8748976342847
OAT_Manure,12650.48,1500.0,5380.327242022381,0.14563381681587537,6.474334175347683,129.8748976342847
OAT_Manure,13088.32,1500.0,5381.352394468621,0.14563381681587537,6.6138956315636825,129.8748976342847
OAT_Manure,11912.43,1500.0,5378.599182085081,0.14563381681587537,6.239080811652683,129.8748976342847
OAT_Manure,5360.0,1500.0,5363.2574142171015,0.14563381681587537,4.150494404395684,129.8748976342847
OAT_Manure,8903.81,1500.0,5371.554841337762,0.14563381681587537,5.280083487514684,129.8748976342847
OAT_Manure,7555.19,1500.0,5368.397201350442,0.14563381681587537,4.850210997376684,129.8748976342847
OAT_Manure,11050.99,1500.0,5376.582218529242,0.14563381681587537,5.964496897796684,129.8748976342847
OAT_Manure,9386.97,1500.0,5372.686105397522,0.14563381681587537,5.434090689198683,129.8748976342847
OAT_Manure,6842.28,1500.0,5366.728003857182,0.14563381681587537,4.622971006167684,129.8748976342847
OAT_Manure,9356.24,1500.0,5372.6141546057415,0.14563381681587537,5.424295504771683,129.8748976342847
OAT_Manure,12587.56,1500.0,5380.179922015262,0.14563381681587537,6.454278431639683,129.8748976342847
OAT_Manure,14640.13,1500.0,5384.985780677282,0.14563381681587537,7.108534913882684,129.8748976342847
OAT_Manure,13679.93,1500.0,5382.7375818400815,0.14563381681587537,6.802471259902683,129.8748976342847
OAT_Manure,13743.4,1500.0,5382.886189609501,0.14563381681587537,6.8227023160556834,129.8748976342847
OAT_Manure,10791.98,1500.0,5375.975776141382,0.14563381681587537,5.881937486197684,129.8748976342847
OAT_Manure,8565.05,1500.0,5370.761673416401,0.14563381681587537,5.172103771390683,129.8748976342847
OAT_Manure,10042.0,1500.0,5374.2197834691015,0.14563381681587537,5.642881436195683,129.8748976342847
OAT_Manure,5704.84,1500.0,5364.064817765341,0.14563381681587537,4.260412119911683,129.8748976342847
OAT_Manure,7114.84,1500.0,5367.366172025341,0.14563381681587537,4.709849478911683,129.8748976342847
OAT_Manure,5517.44,1500.0,5363.626042028942,0.14563381681587537,4.200678388651683,129.8748976342847
OAT_Manure,14762.43,1500.0,5385.272132185081,0.14563381681587537,7.147518026652683,129.8748976342847
OAT_Manure,6845.86,1500.0,5366.736386019062,0.14563381681587537,4.624112130809683,129.8748976342847
OAT_Manure,10951.76,1500.0,5376.349882796461,0.14563381681587537,5.932867345219683,129.8748976342847
OAT_Manure,7443.89,1500.0,5368.136605088642,0.14563381681587537,4.814734133506684,129.8748976342847
OAT_Manure,7748.47,1500.0,5368.849744436521,0.14563381681587537,4.911818978048683,129.8748976342847
OAT_Manure,7367.22,1500.0,5367.957091024022,0.14563381681587537,4.7902955786736845,129.8748976342847
OAT_Manure,8163.34,1500.0,5369.821115246342,0.14563381681587537,5.0440587490616835,129.8748976342847
OAT_Manure,11413.38,1500.0,5377.430713401782,0.14563381681587537,6.080008674057683,129.8748976342847
OAT_Manure,10275.46,1500.0,5374.766403444662,0.14563381681587537,5.717296787849683,129.8748976342847
OAT_Manure,10637.37,1500.0,5375.613774451922,0.14563381681587537,5.832655564158683,129.8748976342847
OAT_Manure,8758.9,1500.0,5371.215551092502,0.14563381681587537,5.2338934395056835,129.8748976342847
OAT_Manure,12748.38,1500.0,5380.556463711781,0.14563381681587537,6.505539790557683,129.8748976342847
OAT_Manure,9190.7,1500.0,5372.226561567302,0.14563381681587537,5.371529646325683,129.8748976342847
OAT_Manure,9118.42,1500.0,5372.057326187221,0.14563381681587537,5.348490403553683,129.8748976342847
OAT_Manure,10451.25,1500.0,5375.177995689602,0.14563381681587537,5.773329832770682,129.8748976342847
OAT_Manure,6542.63,1500.0,5366.026407542282,0.14563381681587537,4.527457598632684,129.8748976342847
OAT_Manure,10901.81,1500.0,5376.232930565762,0.14563381681587537,5.916945787714683,129.8748976342847
OAT_Manure,12422.24,1500.0,5379.792844081741,0.14563381681587537,6.4015826981716835,129.8748976342847
OAT_Manure,10297.61,1500.0,5374.818265144561,0.14563381681587537,5.724357098134683,129.8748976342847
OAT_Manure,13948.2,1500.0,5383.365705462302,0.14563381681587537,6.887982295575684,129.8748976342847
OAT_Manure,6790.97,1500.0,5366.607867341521,0.14563381681587537,4.606615948798685,129.8748976342847
OAT_Manure,14910.56,1500.0,5385.618961693262,0.14563381681587537,7.194734449339683,129.8748976342847
OAT_Manure,10904.63,1500.0,5376.239533274282,0.14563381681587537,5.9178446624326835,129.8748976342847
OAT_Manure,6691.49,1500.0,5366.374946262242,0.14563381681587537,4.574906708746684,129.8748976342847
OAT_Manure,14761.92,1500.0,5385.270938078222,0.14563381681587537,7.147355464203684,129.8748976342847
OAT_Manure,7570.24,1500.0,5368.4324392097415,0.14563381681587537,4.855008183371685,129.8748976342847
OAT_Manure,8979.11,1500.0,5371.731147703562,0.14563381681587537,5.304085354984683,129.8748976342847
OAT_Manure,11026.05,1500.0,5376.523824362402,0.14563381681587537,5.956547275290682,129.8748976342847
OAT_Manure,5407.18,1500.0,5363.3678808085815,0.14563381681587537,4.165533024677685,129.8748976342847
OAT_Manure,12051.83,1500.0,5378.925571293481,0.14563381681587537,6.283514547712683,129.8748976342847
OAT_Manure,8415.15,1500.0,5370.410699655002,0.14563381681587537,5.1243231613806834,129.8748976342847
OAT_Manure,13775.86,1500.0,5382.962190999061,0.14563381681587537,6.833048937809683,129.8748976342847
OAT_Manure,13331.68,1500.0,5381.9221941655815,0.14563381681587537,6.691466607227683,129.8748976342847
OAT_Manure,5627.72,1500.0,5363.8842500770215,0.14563381681587537,4.235830127623683,129.8748976342847
OAT_Manure,11014.96,1500.0,5376.497858391662,0.14563381681587537,5.953012338899683,129.8748976342847
OAT_Manure,13610.78,1500.0,5382.575674998182,0.14563381681587537,6.780429704317684,129.8748976342847
OAT_Manure,8241.6,1500.0,5370.004352114702,0.14563381681587537,5.069004116235684,129.8748976342847
OAT_Manure,5552.63,1500.0,5363.708435402281,0.14563381681587537,4.211895197632683,129.8748976342847
OAT_Manure,12667.62,1500.0,5380.367373378422,0.14563381681587537,6.479797548633684,129.8748976342847
OAT_Manure,9098.54,1500.0,5372.010779433542,0.14563381681587537,5.342153655541684,129.8748976342847
OAT_Manure,11230.48,1500.0,5377.002473902381,0.14563381681587537,6.021709317347684,129.8748976342847
OAT_Manure,12238.88,1500.0,5379.363527544781,0.14563381681587537,6.343136716507682,129.8748976342847
OAT_Manure,8282.36,1500.0,5370.099787008062,0.14563381681587537,5.081996362159684,129.8748976342847
OAT_Manure,14049.17,1500.0,5383.6021152067215,0.14563381681587537,6.920166472978683,129.8748976342847
OAT_Manure,14061.77,1500.0,5383.631616670322,0.14563381681587537,6.924182721718684,129.8748976342847
OAT_Manure,8617.18,1500.0,5370.883729868582,0.14563381681587537,5.188720203677684,129.8748976342847
OAT_Manure,13470.46,1500.0,5382.247131714662,0.14563381681587537,6.735702718349683,129.8748976342847
OAT_Manure,12224.99,1500.0,5379.331005693241,0.14563381681587537,6.3387092803966825,129.8748976342847
OAT_Manure,7964.89,1500.0,5369.3564671946415,0.14563381681587537,4.980802831406684,129.8748976342847
OAT_Manure,10587.44,1500.0,5375.496869048942,0.14563381681587537,5.816740381651683,129.8748976342847
OAT_Manure,8072.17,1500.0,5369.6076510847215,0.14563381681587537,5.014998320678684,129.8748976342847
OAT_Manure,9343.28,1500.0,5372.583810243182,0.14563381681587537,5.4201645060676835,129.8748976342847
OAT_Manure,12366.28,1500.0,5379.661820121181,0.14563381681587537,6.383745453767682,129.8748976342847
OAT_Manure,11545.5,1500.0,5377.740057320101,0.14563381681587537,6.122121910845683,129.8748976342847
OAT_Manure,11410.57,1500.0,5377.424134107122,0.14563381681587537,6.079112986838683,129.8748976342847
OAT_Manure,12827.91,1500.0,5380.7426741403615,0.14563381681587537,6.530889970104683,129.8748976342847
OAT_Manure,11574.97,1500.0,5377.809057965522,0.14563381681587537,6.131515470398683,129.8748976342847
OAT_Manure,10696.27,1500.0,5375.751682087322,0.14563381681587537,5.851429933268684,129.8748976342847
OAT_Manure,10951.76,1500.0,5376.349882796461,0.14563381681587537,5.932867345219683,129.8748976342847
OAT_Manure,13598.94,1500.0,5382.547952987941,0.14563381681587537,6.776655705501683,129.8748976342847
OAT_Manure,14121.17,1500.0,5383.770694998722,0.14563381681587537,6.943116465778683,129.8748976342847
OAT_Manure,14586.94,1500.0,5384.861242355942,0.14563381681587537,7.091580606701684,129.8748976342847
OAT_Manure,5547.34,1500.0,5363.696049470342,0.14563381681587537,4.210209010661684,129.8748976342847
OAT_Manure,11686.38,1500.0,5378.069911779781,0.14563381681587537,6.167027396757683,129.8748976342847
OAT_Manure,11136.74,1500.0,5376.782992378742,0.14563381681587537,5.9918297017216835,129.8748976342847
OAT_Manure,11747.94,1500.0,5378.214047501942,0.14563381681587537,6.186649640601684,129.8748976342847
OAT_Manure,5962.75,1500.0,5364.668684628602,0.14563381681587537,4.342620906620684,129.8748976342847
OAT_Manure,5568.6,1500.0,5363.745827336701,0.14563381681587537,4.216985633535684,129.8748976342847
OAT_Manure,10060.49,1500.0,5374.263075696242,0.14563381681587537,5.6487751218466835,129.8748976342847
OAT_Manure,10337.57,1500.0,5374.911826929121,0.14563381681587537,5.737094344138683,129.8748976342847
OAT_Manure,7822.21,1500.0,5369.022398240161,0.14563381681587537,4.935323595674683,129.8748976342847
OAT_Manure,6603.98,1500.0,5366.170051573382,0.14563381681587537,4.547012904997682,129.8748976342847
OAT_Manure,5774.33,1500.0,5364.227520678482,0.14563381681587537,4.282562050462683,129.8748976342847
OAT_Manure,8390.26,1500.0,5370.352422557462,0.14563381681587537,5.116389476369683,129.8748976342847
OAT_Manure,10287.32,1500.0,5374.794172282622,0.14563381681587537,5.7210771616636835,129.8748976342847
OAT_Manure,11816.91,1500.0,5378.375532894362,0.14563381681587537,6.208633821204684,129.8748976342847
OAT_Manure,10435.6,1500.0,5375.141352998701,0.14563381681587537,5.768341396835684,129.8748976342847
OAT_Manure,9628.65,1500.0,5373.251971566002,0.14563381681587537,5.511126165030683,129.8748976342847
OAT_Manure,5277.13,1500.0,5363.063383559282,0.14563381681587537,4.124079600182685,129.8748976342847
OAT_Manure,5922.84,1500.0,5364.575239913342,0.14563381681587537,4.329899598111683,129.8748976342847
OAT_Manure,11140.02,1500.0,5376.790672124822,0.14563381681587537,5.992875201393683,129.8748976342847
OAT_Manure,9227.25,1500.0,5372.312139225602,0.14563381681587537,5.383179955170684,129.8748976342847
OAT_Manure,12074.14,1500.0,5378.9778076151415,0.14563381681587537,6.290625857981684,129.8748976342847
OAT_Manure,12349.49,1500.0,5379.6225082502415,0.14563381681587537,6.3783936429466825,129.8748976342847
OAT_Manure,5854.32,1500.0,5364.414808144621,0.14563381681587537,4.308058854963685,129.8748976342847
OAT_Manure,14377.74,1500.0,5384.371424404741,0.14563381681587537,7.024898127621683,129.8748976342847
OAT_Manure,13431.35,1500.0,5382.155560108201,0.14563381681587537,6.723236409760683,129.8748976342847
OAT_Manure,13761.23,1500.0,5382.927936521882,0.14563381681587537,6.8283856267726835,129.8748976342847
OAT_Manure,13637.32,1500.0,5382.637815382621,0.14563381681587537,6.788889326663684,129.8748976342847
OAT_Manure,13580.33,1500.0,5382.504379794482,0.14563381681587537,6.770723769862683,129.8748976342847
OAT_Manure,7568.69,1500.0,5368.428810061441,0.14563381681587537,4.854514121026683,129.8748976342847
OAT_Manure,10792.06,1500.0,5375.975963452262,0.14563381681587537,5.8819629861896825,129.8748976342847
OAT_Manure,10237.59,1500.0,5374.677735156842,0.14563381681587537,5.705225729136683,129.8748976342847
OAT_Manure,9667.21,1500.0,5373.342255410162,0.14563381681587537,5.523417161174684,129.8748976342847
OAT_Manure,14326.84,1500.0,5384.252247857342,0.14563381681587537,7.0086737577116835,129.8748976342847
OAT_Manure,5115.22,1500.0,5362.684289752022,0.14563381681587537,4.072470803873684,129.8748976342847
OAT_Manure,7959.29,1500.0,5369.343355433042,0.14563381681587537,4.979017831966683,129.8748976342847
OAT_Manure,5590.17,1500.0,5363.796331032721,0.14563381681587537,4.223861068878684,129.8748976342847
OAT_Manure,9651.76,1500.0,5373.306080996462,0.14563381681587537,5.518492475219683,129.8748976342847
OAT_Manure,13613.29,1500.0,5382.581551877041,0.14563381681587537,6.781229766566683,129.8748976342847
OAT_Manure,8710.17,1500.0,5371.101455352722,0.14563381681587537,5.218360756878684,129.8748976342847
OAT_Manure,14162.19,1500.0,5383.866738652441,0.14563381681587537,6.956191586676684,129.8748976342847
OAT_Manure,12528.03,1500.0,5380.040539306681,0.14563381681587537,6.435303250092684,129.8748976342847
OAT_Manure,8302.82,1500.0,5370.147691765622,0.14563381681587537,5.0885179851136835,129.8748976342847
OAT_Manure,6869.11,1500.0,5366.790823243562,0.14563381681587537,4.631523065984684,129.8748976342847
OAT_Manure,11735.71,1500.0,5378.185412351162,0.14563381681587537,6.182751329324683,129.8748976342847
OAT_Manure,6088.53,1500.0,5364.963184159682,0.14563381681587537,4.382713269042683,129.8748976342847
OAT_Manure,5593.41,1500.0,5363.803917123361,0.14563381681587537,4.224893818554684,129.8748976342847
OAT_Manure,14264.79,1500.0,5384.1069648560415,0.14563381681587537,6.988895326416683,129.8748976342847
OAT_Manure,7949.82,1500.0,5369.321182507621,0.14563381681587537,4.975999270413684,129.8748976342847
OAT_Manure,6658.69,1500.0,5366.298148801442,0.14563381681587537,4.564451712026683,129.8748976342847
OAT_Manure,5368.35,1500.0,5363.276964790201,0.14563381681587537,4.153155966060684,129.8748976342847
OAT_Manure,13773.34,1500.0,5382.956290706342,0.14563381681587537,6.8322456880616835,129.8748976342847
OAT_Manure,10343.9,1500.0,5374.926647902502,0.14563381681587537,5.739112031005684,129.8748976342847
OAT_Manure,9215.19,1500.0,5372.283902110442,0.14563381681587537,5.379335831376683,129.8748976342847
OAT_Manure,7453.22,1500.0,5368.158450220022,0.14563381681587537,4.817708070073684,129.8748976342847
OAT_Manure,6454.57,1500.0,5365.820225091121,0.14563381681587537,4.499388482438684,129.8748976342847
OAT_Manure,13504.64,1500.0,5382.327160288141,0.14563381681587537,6.746597589931682,129.8748976342847
OAT_Manure,7475.28,1500.0,5368.210101195182,0.14563381681587537,4.824739692867684,129.8748976342847
OAT_Manure,8530.91,1500.0,5370.6817384983615,0.14563381681587537,5.161221649804683,129.8748976342847
OAT_Manure,12939.89,1500.0,5381.004862544642,0.14563381681587537,6.5665835839066835,129.8748976342847
OAT_Manure,10614.15,1500.0,5375.559407469002,0.14563381681587537,5.825254191480683,129.8748976342847
OAT_Manure,7566.3,1500.0,5368.423214148901,0.14563381681587537,4.853752308765683,129.8748976342847
OAT_Manure,5125.69,1500.0,5362.708804063442,0.14563381681587537,4.075808115326684,129.8748976342847
OAT_Manure,9227.06,1500.0,5372.311694362262,0.14563381681587537,5.383119392689683,129.8748976342847
OAT_Manure,9825.55,1500.0,5373.712990469401,0.14563381681587537,5.573888020340683,129.8748976342847
OAT_Manure,7745.56,1500.0,5368.842931003262,0.14563381681587537,4.910891415839684,129.8748976342847
OAT_Manure,14936.41,1500.0,5385.6794865213615,0.14563381681587537,7.202974134254683,129.8748976342847
OAT_Manure,14828.89,1500.0,5385.427740698641,0.14563381681587537,7.168702145006683,129.8748976342847
OAT_Manure,8663.42,1500.0,5370.991995557222,0.14563381681587537,5.203459199053683,129.8748976342847
OAT_Manure,13083.19,1500.0,5381.340383158441,0.14563381681587537,6.612260444576683,129.8748976342847
OAT_Manure,7712.52,1500.0,5368.765571609822,0.14563381681587537,4.900359919143684,129.8748976342847
OAT_Manure,11397.07,1500.0,5377.3925253961215,0.14563381681587537,6.074809863188683,129.8748976342847
OAT_Manure,7170.65,1500.0,5367.496844778001,0.14563381681587537,4.7276389108306835,129.8748976342847
OAT_Manure,10520.93,1500.0,5375.341143466081,0.14563381681587537,5.795540325802683,129.8748976342847
OAT_Manure,11288.01,1500.0,5377.137173838962,0.14563381681587537,6.040046999094683,129.8748976342847
OAT_Manure,7558.87,1500.0,5368.405817650922,0.14563381681587537,4.851383997008684,129.8748976342847
OAT_Manure,12172.02,1500.0,5379.206982476822,0.14563381681587537,6.321825098193684,129.8748976342847
OAT_Manure,6481.55,1500.0,5365.883395685401,0.14563381681587537,4.507988354740684,129.8748976342847
OAT_Manure,12758.49,1500.0,5380.580135124242,0.14563381681587537,6.508762352046682,129.8748976342847
OAT_Manure,8711.43,1500.0,5371.104405499082,0.14563381681587537,5.218762381752683,129.8748976342847
OAT_Manure,10083.08,1500.0,5374.315967605981,0.14563381681587537,5.655975682087684,129.8748976342847
OAT_Manure,12669.46,1500.0,5380.371681528662,0.14563381681587537,6.480384048449682,129.8748976342847
OAT_Manure,12225.7,1500.0,5379.332668077301,0.14563381681587537,6.338935592825685,129.8748976342847
OAT_Manure,8123.83,1500.0,5369.728607085481,0.14563381681587537,5.031464940512683,129.8748976342847
OAT_Manure,13082.29,1500.0,5381.338275911042,0.14563381681587537,6.611973569666684,129.8748976342847
OAT_Manure,8643.76,1500.0,5370.945963908462,0.14563381681587537,5.197192576019684,129.8748976342847
OAT_Manure,8379.78,1500.0,5370.327884832182,0.14563381681587537,5.113048977417685,129.8748976342847
OAT_Manure,9395.27,1500.0,5372.705538901321,0.14563381681587537,5.436736313368684,129.8748976342847
OAT_Manure,9055.35,1500.0,5371.909654972202,0.14563381681587537,5.328386847360684,129.8748976342847
OAT_Manure,10462.95,1500.0,5375.205389905802,0.14563381681587537,5.777059206600683,129.8748976342847
OAT_Manure,12750.97,1500.0,5380.562527901521,0.14563381681587537,6.506365352798683,129.8748976342847
OAT_Manure,14587.98,1500.0,5384.863677397381,0.14563381681587537,7.091912106597683,129.8748976342847
OAT_Manure,8157.27,1500.0,5369.806903033321,0.14563381681587537,5.042123937168683,129.8748976342847
OAT_Manure,5478.81,1500.0,5363.535594287761,0.14563381681587537,4.188365080014684,129.8748976342847
OAT_Manure,12382.82,1500.0,5379.700546645621,0.14563381681587537,6.389017577113683,129.8748976342847
OAT_Manure,11741.19,1500.0,5378.198243146442,0.14563381681587537,6.184498078776683,129.8748976342847
OAT_Manure,10857.2,1500.0,5376.128481336301,0.14563381681587537,5.902726354675684,129.8748976342847
OAT_Manure,5962.92,1500.0,5364.669082664222,0.14563381681587537,4.342675094103684,129.8748976342847
OAT_Manure,8489.0,1500.0,5370.583611011101,0.14563381681587537,5.147862841495683,129.8748976342847
OAT_Manure,6733.72,1500.0,5366.473822993021,0.14563381681587537,4.588367517023684,129.8748976342847
OAT_Manure,11744.29,1500.0,5378.205501443042,0.14563381681587537,6.185486203466683,129.8748976342847
OAT_Manure,7998.3,1500.0,5369.434692900902,0.14563381681587537,4.991452265565683,129.8748976342847
OAT_Manure,11284.05,1500.0,5377.127901950401,0.14563381681587537,6.038784749490683,129.8748976342847
OAT_Compost,10000.0,1545.33,5374.582261686166,0.14564844313147857,5.673349927404122,129.91344974200962
OAT_Compost,10000.0,1431.21,5373.422138789963,0.1456116208253538,5.562940811202862,129.81639334373986
OAT_Compost,10000.0,1617.16,5375.312472233254,0.14567162001764178,5.74284420375127,129.97453948164969
OAT_Compost,10000.0,1279.66,5371.88150940932,0.14556272124164177,5.416318820663949,129.6875036034859
OAT_Compost,10000.0,1876.15,5377.945316860727,0.14575518651837138,5.993412526612855,130.19480443597737
OAT_Compost,10000.0,1117.21,5370.230072636731,0.1455103046307938,5.259151269604585,129.54934366746303
OAT_Compost,10000.0,1497.77,5374.0987754879225,0.1456330972772962,5.627336454160766,129.8730010712971
OAT_Compost,10000.0,1289.26,5371.979101240754,0.14556581880682581,5.425606653782878,129.69566817957593
OAT_Compost,10000.0,1274.82,5371.832306860969,0.14556115955252819,5.411636204799823,129.68338729637392
OAT_Compost,10000.0,1513.07,5374.254312469275,0.1456380340218082,5.6421389381940585,129.88601336444057
OAT_Compost,10000.0,1763.72,5376.802374193184,0.14571890951278418,5.884638456033573,130.09918534329017
OAT_Compost,10000.0,1176.57,5370.833515461114,0.1455294579088482,5.316581037723292,129.59982796295287
OAT_Compost,10000.0,1851.47,5377.694424527407,0.14574722319454417,5.969535055636277,130.17381467161272
OAT_Compost,10000.0,1852.42,5377.7040820523935,0.1457475297244322,5.970454164122004,130.17462262445497
OAT_Compost,10000.0,1118.84,5370.246642916444,0.14551083057154898,5.260728266269571,129.550729944445
OAT_Compost,10000.0,1373.86,5372.839129255288,0.1455931161000098,5.507455683143433,129.76761850636893
OAT_Compost,10000.0,1367.96,5372.77915094222,0.14559121238807382,5.501747535705758,129.7626006939804
OAT_Compost,10000.0,1973.8,5378.938008771118,0.14578669456422738,6.087887204119452,130.27785348339276
OAT_Compost,10000.0,1945.81,5378.653467587587,0.1457776632257378,6.060807365682077,130.25404864123044
OAT_Compost,10000.0,1160.45,5370.669642510825,0.14552425658064339,5.300985217944426,129.58611827893503
OAT_Compost,10000.0,1514.06,5374.264376626892,0.1456383534582178,5.6430967459844465,129.8868553363498
OAT_Compost,10000.0,1032.31,5369.366994877466,0.14548291053869777,5.177011995459065,129.47713819766727
OAT_Compost,10000.0,1954.45,5378.741300235878,0.14578045103440337,6.0691664154891125,130.2613967597114
OAT_Compost,10000.0,1831.04,5377.486736911132,0.145740631188637,5.949769385780058,130.1564394331213
OAT_Compost,10000.0,1714.95,5376.306587357857,0.14570317323632337,5.837454328824186,130.05770759579966
OAT_Compost,10000.0,1995.22,5379.15576054501,0.1457936060065442,6.108610681766062,130.29607069379355
OAT_Compost,10000.0,1305.76,5372.146837201039,0.1455711427469858,5.4415701169560355,129.70970104473056
OAT_Compost,10000.0,1249.36,5371.5734851913485,0.1455529445515298,5.387004097382332,129.66173416020195
OAT_Compost,10000.0,1258.98,5371.671280339102,0.1455560485699746,5.396311280153592,129.6699157458254
OAT_Compost,10000.0,1105.81,5370.114182336901,0.14550662627213776,5.248121967775859,129.53964823335627
OAT_Compost,10000.0,1915.76,5378.34798482356,0.1457679672013858,6.0317345130546,130.2284918171154
OAT_Compost,10000.0,1517.9,5374.3034133594665,0.1456395924842914,5.646811879232018,129.89012116678583
OAT_Compost,10000.0,1584.08,5374.97618704743,0.1456609463242786,5.710839878795629,129.94640571320622
OAT_Compost,10000.0,1403.79,5373.143392121424,0.14560277340479702,5.536412437856924,129.79307327328283
OAT_Compost,10000.0,1470.53,5373.821858666223,0.14562430793608658,5.600982227685806,129.84983408664178
OAT_Compost,10000.0,1580.08,5374.935523784335,0.1456596556721186,5.706969948329409,129.94300380650202
OAT_Compost,10000.0,1198.09,5371.052283816584,0.14553640161746897,5.337401263631556,129.61813022102135
OAT_Compost,10000.0,1410.5,5373.211604745271,0.14560493847379538,5.542904246214009,129.79877997177908
OAT_Compost,10000.0,1290.81,5371.994858255206,0.14556631893453778,5.427106251838539,129.69698641842382
OAT_Compost,10000.0,1855.51,5377.735494423137,0.1457485267532258,5.973443685407158,130.17725059738387
OAT_Compost,10000.0,1925.04,5378.4423235939485,0.14577096151439697,6.040712751736229,130.236384240669
OAT_Compost,10000.0,1635.89,5375.502877962717,0.14567766349638098,5.760965153159345,129.99046890979187
OAT_Compost,10000.0,1680.31,5375.954443499424,0.14569199618861783,5.803940730986718,130.02824708374158
OAT_Compost,10000.0,1141.47,5370.476695327423,0.1455181324361442,5.2826223978822116,129.56997623162383
OAT_Compost,10000.0,1220.37,5371.278778192042,0.14554359055000018,5.3589567763284025,129.63707884136346
OAT_Compost,10000.0,1846.75,5377.646441876954,0.14574570022499542,5.964968537686137,130.16980042170178
OAT_Compost,10000.0,1136.11,5370.422206554872,0.1455164029622498,5.277436691057477,129.5654176766403
OAT_Compost,10000.0,1639.91,5375.5437445421285,0.14567896060180177,5.764854433277896,129.99388782602952
OAT_Compost,10000.0,1312.01,5372.2103735496285,0.14557315939098578,5.447616883309505,129.7150165239558
OAT_Compost,10000.0,1031.02,5369.3538809751135,0.1454824943033762,5.175763942883709,129.4760410827551
OAT_Compost,10000.0,1242.3,5371.501714531981,0.1455506665504674,5.380173670109454,129.65572979486896
OAT_Compost,10000.0,1657.59,5375.7234761650225,0.145684665284349,5.781959525938589,130.00892425366192
OAT_Compost,10000.0,1908.22,5378.27133457262,0.1457655343220642,6.024439694125774,130.22207922297807
OAT_Compost,10000.0,1379.55,5372.896972747048,0.14559495205270737,5.512960659231631,129.7724577186556
OAT_Compost,10000.0,1594.11,5375.078150179652,0.1456641826345698,5.720543729439675,129.95493599426686
OAT_Compost,10000.0,1654.56,5375.692673743228,0.1456836876153378,5.7790280536104275,130.00634730933353
OAT_Compost,10000.0,1798.23,5377.1531964955675,0.1457300446142946,5.918026281130887,130.12853529338028
OAT_Compost,10000.0,1435.56,5373.466360088583,0.14561302440957777,5.567149360584877,129.82009291728062
OAT_Compost,10000.0,1151.35,5370.577133587277,0.14552132034697937,5.292181126133775,129.57837894118305
OAT_Compost,10000.0,1746.05,5376.622744228448,0.14571320805686738,5.867543038199047,130.08415742042448
OAT_Compost,10000.0,1639.31,5375.537645052663,0.14567876700397778,5.7642739437079635,129.9933775400239
OAT_Compost,10000.0,1016.62,5369.207493227962,0.14547784795560023,5.161832193205316,129.46379421862017
OAT_Compost,10000.0,1575.56,5374.889574297032,0.14565819723517778,5.702596926902581,129.93915965192642
OAT_Compost,10000.0,1092.6,5369.979891910516,0.1455023638933794,5.235341522411168,129.52841343646577
OAT_Compost,10000.0,1271.45,5371.798048061809,0.1455600721780834,5.408375788382033,129.6805211899756
OAT_Compost,10000.0,1733.8,5376.49821298521,0.1457092554346274,5.855691376146247,130.073739081143
OAT_Compost,10000.0,1666.99,5375.819034833306,0.145687698316925,5.791053862534206,130.01691873441672
OAT_Compost,10000.0,1769.08,5376.8568629657375,0.14572063898667859,5.889824162858309,130.10374389827373
OAT_Compost,10000.0,1783.02,5376.9985744376345,0.14572513690945618,5.903310870533086,130.1155995431377
OAT_Compost,10000.0,1700.25,5376.157149865969,0.14569843008963543,5.823232334360826,130.04520558866182
OAT_Compost,10000.0,1059.25,5369.6408619544345,0.1454916030809954,5.203075977149057,129.50005003931977
OAT_Compost,10000.0,1696.9,5376.123094383122,0.1456973491684514,5.819991267595367,130.0423564917971
OAT_Compost,10000.0,1074.55,5369.796398935787,0.14549653982550736,5.217878461182349,129.51306233246316
OAT_Compost,10000.0,1969.52,5378.894499079604,0.1457853135664162,6.083746378520597,130.27421344321934
OAT_Compost,10000.0,1890.14,5378.087536623413,0.145759700574301,6.00694760841846,130.20670260467523
OAT_Compost,10000.0,1679.37,5375.944887632598,0.14569169288536016,5.803031297327157,130.0274476356661
OAT_Compost,10000.0,1756.15,5376.725418967771,0.1457164669535714,5.877314612626252,130.0927472348525
OAT_Compost,10000.0,1299.77,5372.085943964547,0.1455692099953762,5.435774896082871,129.70460668944102
OAT_Compost,10000.0,1023.16,5369.273977663129,0.1454799581718818,5.168159529517586,129.46935633608143
OAT_Compost,10000.0,1733.46,5376.494756607845,0.1457091457291938,5.855362432056618,130.07344991907314
OAT_Compost,10000.0,1450.81,5373.621388779146,0.1456179450209378,5.581903470487342,129.83306268659027
OAT_Compost,10000.0,1258.39,5371.665282507793,0.14555585819878097,5.395740465409824,129.66941396458654
OAT_Compost,10000.0,1499.08,5374.1120927065895,0.14563351996587862,5.628603856388452,129.87411519574277
OAT_Compost,10000.0,1407.51,5373.181208956109,0.1456039737113058,5.540011473190509,129.7962370465177
OAT_Compost,10000.0,1805.57,5377.227813583354,0.14573241296100817,5.925127603536402,130.13477779218246
OAT_Compost,10000.0,1086.51,5369.917982092449,0.1455003988754658,5.229449553276346,129.52323403350863
OAT_Compost,10000.0,1512.38,5374.247298056391,0.1456378113843106,5.641471375188635,129.88542653553412
OAT_Compost,10000.0,1961.15,5378.809411201571,0.14578261287677138,6.075648549020031,130.26709495344085
OAT_Compost,10000.0,1835.09,5377.52790846502,0.14574193797394902,5.953687690377106,130.15988386365916
OAT_Compost,10000.0,1176.41,5370.831888930588,0.14552940628276181,5.3164262405046445,129.5996918866847
OAT_Compost,10000.0,1434.68,5373.4574141707035,0.14561274046610262,5.56629797588231,129.8193444978057
OAT_Compost,10000.0,1902.7,5378.21521926954,0.1457637532220834,6.019099190082391,130.21738459172633
OAT_Compost,10000.0,1200.23,5371.074038662341,0.1455370921163746,5.339471676430984,129.61995024110803
OAT_Compost,10000.0,1404.37,5373.149288294571,0.1456029605493602,5.536973577774526,129.79356654975493
OAT_Compost,10000.0,1013.75,5369.1783173366875,0.1454769219126754,5.159055518095804,129.4613533505599
OAT_Compost,10000.0,1537.27,5374.500325211022,0.1456458424673762,5.665552017514688,129.90659490000073
OAT_Compost,10000.0,1901.82,5378.20627335166,0.1457634692786082,6.018247805379822,130.2166361722514
OAT_Compost,10000.0,1078.05,5369.831979290997,0.1454976691461474,5.221264650340291,129.51603900082935
OAT_Compost,10000.0,1686.26,5376.0149301032825,0.1456939160337058,5.809697252555222,130.03330741996405
OAT_Compost,10000.0,1960.85,5378.806361456836,0.1457825160778594,6.075358304235064,130.26683981043803
OAT_Compost,10000.0,1374.19,5372.842483974495,0.14559322257881302,5.507774952406896,129.76789916367207
OAT_Compost,10000.0,1677.73,5375.928215694726,0.14569116371797464,5.801444625836008,130.0260528539174
OAT_Compost,10000.0,1598.29,5375.120643289588,0.145665531366077,5.724587806776876,129.95849098677277
OAT_Compost,10000.0,1982.38,5379.025231470465,0.14578946301311058,6.096188204969494,130.28515057327326
OAT_Compost,10000.0,1447.76,5373.5903830410325,0.14561696089866577,5.578952648506849,129.83046873272832
OAT_Compost,10000.0,1937.41,5378.568074735081,0.14577495285620176,6.0526805117030165,130.24690463715166
OAT_Compost,10000.0,1685.53,5376.007509057765,0.1456936804896866,5.808990990245136,130.03268657199055
OAT_Compost,10000.0,1733.03,5376.490385307061,0.1457090069840866,5.854946414531499,130.07308421410244
OAT_Compost,10000.0,1923.71,5378.42880305897,0.14577053237255377,6.039425999856212,130.23525310668995
OAT_Compost,10000.0,1904.18,5378.230264676889,0.1457642307633826,6.020531064354892,130.21864329720685
OAT_Compost,10000.0,1739.67,5376.557886323804,0.14571114946667219,5.861370499105426,130.07873137923139
OAT_Compost,10000.0,1934.78,5378.541338639591,0.14577410425240658,6.050136032421476,130.24466788349366
OAT_Compost,10000.0,1691.62,5376.069418875833,0.14569564550760022,5.814882959379957,130.0378659749476
OAT_Compost,10000.0,1816.54,5377.339332582399,0.145735952574557,5.93574088784001,130.1441075213186
OAT_Compost,10000.0,1028.15,5369.324705083842,0.1454815682604514,5.172987267774196,129.47360021469487
OAT_Compost,10000.0,1076.45,5369.815713985757,0.1454971528852834,5.219716678153803,129.51467823814767
OAT_Compost,10000.0,1382.7,5372.928995066735,0.1455959684412834,5.516008229473779,129.77513672018512
OAT_Compost,10000.0,1687.46,5376.027129082211,0.14569430322935378,5.8108582316950885,130.03432799197532
OAT_Compost,10000.0,1986.58,5379.067927896717,0.14579081819787862,6.100251631959026,130.2887225753126
OAT_Compost,10000.0,1240.18,5371.480163002535,0.1455499825048226,5.378122606962356,129.6539267843158
OAT_Compost,10000.0,1978.81,5378.988939508147,0.14578831110605778,6.092734292028394,130.28211437153976
OAT_Compost,10000.0,1086.6,5369.918897015871,0.1455004279151394,5.229536626711836,129.52331057640944
OAT_Compost,10000.0,1911.72,5378.30691492783,0.1457666636427042,6.027825883283717,130.22505589134425
OAT_Compost,10000.0,1174.34,5370.810845691938,0.14552873837026897,5.3144235514883755,129.59793139996526
OAT_Compost,10000.0,1272.86,5371.812381862053,0.1455605271329698,5.409739938871375,129.6817203620888
OAT_Compost,10000.0,1840.91,5377.587073512828,0.1457438158728418,5.959318439205456,130.16483363791374
OAT_Compost,10000.0,1168.0,5370.746394419926,0.1455266926865954,5.308289711699416,129.5925393778392
OAT_Compost,10000.0,1736.05,5376.521086070702,0.14570998142646738,5.857868212033497,130.07565265366415
OAT_Compost,10000.0,1338.46,5372.479259376868,0.1455816938283938,5.473206798517385,129.73751163203704
OAT_Compost,10000.0,1539.47,5374.522690005726,0.1456465523260642,5.667680479271111,129.90846594868802
OAT_Compost,10000.0,1071.63,5369.766714753724,0.14549559764943057,5.215053411942008,129.51057894056905
OAT_Compost,10000.0,1895.97,5378.14680332938,0.1457615816998242,6.012588032072975,130.21166088369657
OAT_Compost,10000.0,1271.91,5371.802724337065,0.1455602206030818,5.408820830385648,129.68091240924662
OAT_Compost,10000.0,1666.42,5375.813240318313,0.1456875143989922,5.79050239744277,130.0164339627114
OAT_Compost,10000.0,1645.02,5375.595691860736,0.14568060940993618,5.769798269448493,129.9982337618441
OAT_Compost,10000.0,1250.21,5371.582126134756,0.1455532188151138,5.387826457606405,129.66245706537646
OAT_Compost,10000.0,1454.05,5373.654326022255,0.14561899044918739,5.5850381141649805,129.83581823102062
OAT_Compost,10000.0,1596.62,5375.103666377247,0.14566499251880022,5.722972110807229,129.95707069072373
OAT_Compost,10000.0,1092.35,5369.977350456575,0.14550228322761938,5.235099651757029,129.5282008172967
OAT_Compost,10000.0,1503.09,5374.152857627844,0.14563481384466898,5.632483461680837,129.87752560721367
OAT_Compost,10000.0,1443.93,5373.551447966615,0.14561572509922258,5.5752471900854434,129.8272114070591
OAT_Compost,10000.0,1792.84,5377.098402748543,0.145728305460509,5.912811549827656,130.1239512240965
OAT_Compost,10000.0,1084.17,5369.894194083538,0.14549964384395217,5.227185643953608,129.5212439180867
OAT_Compost,10000.0,1257.17,5371.652880212549,0.1455554645498722,5.394560136617626,129.66837638304176
OAT_Compost,10000.0,1500.45,5374.126019874198,0.1456339620142434,5.629929307573133,129.87528034878892
OAT_Compost,10000.0,1104.81,5370.104016521124,0.1455063036090978,5.247154485159303,129.5387977566802
OAT_Compost,10000.0,1657.0,5375.7174783337205,0.1456844749131554,5.781388711194822,130.00842247242306
OAT_Compost,10000.0,1347.53,5372.571463325942,0.1455846203821666,5.481981865849539,129.74522545548876
OAT_Compost,10000.0,1922.2,5378.413452677148,0.1457700451513634,6.037965101105214,130.2339688869091
OAT_Compost,10000.0,1979.18,5378.992700859987,0.14578843049138257,6.093092260596519,130.2824290479099
OAT_Compost,10000.0,1838.48,5377.562370580497,0.1457430318016546,5.956967456447226,130.16276697959094
OAT_Compost,10000.0,1193.2,5371.002572977448,0.1455348237952034,5.332670273636602,129.61397139007542
OAT_Compost,10000.0,1673.16,5375.881757916633,0.1456896891478818,5.797023230278351,130.02216617550783
OAT_Compost,10000.0,1713.24,5376.289203812884,0.145702621482525,5.835799933549876,130.0562532806836
OAT_Compost,10000.0,1095.99,5370.014354025992,0.14550345772108497,5.238621288481288,129.53129655239746
OAT_Compost,10000.0,1015.8,5369.199157259026,0.1454775833719074,5.161038857459741,129.46309682774583
OAT_Compost,10000.0,1642.07,5375.5657027042025,0.1456796575539682,5.766944195729654,129.99572485564977
OAT_Compost,10000.0,1042.77,5369.4733293104655,0.14548628559409618,5.187131863628229,129.48603418369862
OAT_Compost,10000.0,1526.95,5374.395413992226,0.14564251258480337,5.65556759691184,129.89781798070405
OAT_Compost,10000.0,1735.19,5376.512343469136,0.145709703936253,5.857036176983258,130.07492124372274
OAT_Compost,10000.0,1468.01,5373.79624081047,0.1456234948252258,5.598544171492088,129.84769088541816
OAT_Compost,10000.0,1002.6,5369.0649684908,0.1454733242197794,5.148268086921215,129.4518705356221
OAT_Compost,10000.0,1368.67,5372.786368671419,0.14559144147883218,5.502434448363513,129.7632045324203
OAT_Compost,10000.0,1432.19,5373.432101289423,0.14561193703513298,5.563888944167087,129.81722681088237
OAT_Compost,10000.0,1065.39,5369.703280063291,0.145493584232061,5.2090163204147055,129.50527196611063
OAT_Compost,10000.0,1711.29,5376.269380472122,0.145701992289597,5.833913342447595,130.05459485116535
OAT_Compost,10000.0,1820.34,5377.377962682346,0.14573717869410902,5.939417321782919,130.14733933268755
OAT_Compost,10000.0,1383.27,5372.934789581729,0.1455961523592162,5.516559694565216,129.77562149189043
OAT_Compost,10000.0,1286.71,5371.953178410529,0.14556499601607378,5.423139573110662,129.69349946405197
OAT_Compost,10000.0,1859.86,5377.7797157217565,0.1457499303374498,5.977652234789173,130.18095017092472
OAT_Compost,10000.0,1013.19,5369.172624479856,0.145476741221373,5.158513727830533,129.46087708362134
OAT_Compost,10000.0,1449.63,5373.609393116533,0.1456175642785506,5.5807618409998065,129.83205912411256
OAT_Compost,10000.0,1441.43,5373.526033427179,0.14561491844162258,5.572828483544056,129.825085215369
OAT_Compost,10000.0,1135.35,5370.414480534884,0.14551615773833937,5.276701404268895,129.56477131436645
OAT_Compost,10000.0,1403.09,5373.136276050381,0.14560254754066898,5.535735200025336,129.7924779396096
OAT_Compost,10000.0,1963.88,5378.837163878632,0.1457834937468706,6.078289776563228,130.2694167547665
OAT_Compost,10000.0,1078.88,5369.840416918092,0.14549793695647062,5.222067660912032,129.51674489647053
OAT_Compost,10000.0,1758.7,5376.751341797997,0.1457172897443234,5.879781693298468,130.09491595037642
OAT_Compost,10000.0,1652.59,5375.672647086152,0.145683051969149,5.777122112855815,130.00467187028173
OAT_Compost,10000.0,1217.81,5371.2527537036585,0.1455427645326178,5.356480020830022,129.63490162107283
OAT_Compost,10000.0,1185.42,5370.92348293072,0.1455323134767522,5.325143258879804,129.60735468153578
OAT_Compost,10000.0,1295.53,5372.042840905664,0.1455678419040866,5.431672769788677,129.70100066833464
OAT_Compost,10000.0,1222.27,5371.298093242014,0.14554420360977618,5.360794993299856,129.63869474704794
OAT_Compost,10000.0,1469.51,5373.811489534134,0.1456239788197858,5.59999539541692,129.8489666004323
OAT_Compost,10000.0,1391.85,5373.022012281075,0.14559892080809939,5.524860695415256,129.78291858177087
OAT_Compost,10000.0,1011.06,5369.150971292254,0.1454760539490978,5.156452989857271,129.45906556830138
OAT_Compost,10000.0,1461.24,5373.727418237675,0.145621310396445,5.591994314178011,129.84193315832135
OAT_Compost,10000.0,1338.12,5372.475802999504,0.1455815841229602,5.4728778544277565,129.73722246996724
OAT_Compost,10000.0,1987.73,5379.079618584859,0.1457911892603746,6.101364236968064,130.28970062349003
OAT_Compost,10000.0,1393.34,5373.037159346582,0.145599401576029,5.526302244513925,129.78418579201818
OAT_Compost,10000.0,1725.33,5376.412108525598,0.14570652247867857,5.847496798384027,130.06653554369697
OAT_Compost,10000.0,1653.36,5375.6804747642955,0.14568330041968983,5.77786707447056,130.00532673732235
OAT_Compost,10000.0,1226.96,5371.3457709179975,0.1455457168994338,5.3653324867715,129.64268348265855
OAT_Compost,10000.0,1501.32,5374.134864133924,0.1456342427310882,5.630771017449536,129.87602026349705
OAT_Compost,10000.0,1369.89,5372.798770966663,0.145591835127741,5.5036147771557085,129.76424211396508
OAT_Compost,10000.0,1294.29,5372.030235294102,0.145567441801917,5.430473091344148,129.69994607725636
OAT_Compost,10000.0,1588.28,5375.018883473685,0.1456623015090466,5.71490330578516,129.94997771524558
OAT_Compost,10000.0,1966.38,5378.862578418071,0.14578430040447057,6.0807084831046145,130.27154294645658
OAT_Compost,10000.0,1000.92,5369.0478899203,0.1454727821458722,5.1466427161254025,129.4504417348063
OAT_Compost,10000.0,1750.43,5376.667270501539,0.1457146213209826,5.871780612059557,130.08788250826558
RANDOM,5686.22,1199.37,5360.965071961696,0.1455368146261602,3.9636226977587468,129.61921883116665
RANDOM,9023.76,1035.53,5367.11397413562,0.1454839495136866,4.868950887108372,129.47987673256407
RANDOM,14106.37,1571.02,5384.458018722236,0.14565673234497617,7.007109582686422,129.9352984878171
RANDOM,5354.62,1098.5,5359.163242526908,0.1455042676053154,3.760335259386842,129.53343124885433
RANDOM,7968.41,1113.74,5365.438060872255,0.145509184990045,4.60822499558414,129.54639251339722
RANDOM,9717.75,1410.83,5372.554103265976,0.1456050449525986,5.4532563562024725,129.79906062908216
RANDOM,6138.26,1257.58,5362.615224225377,0.1455555968417186,4.164027565664415,129.66872507847893
RANDOM,14171.03,1854.98,5387.49609778836,0.1457483557418146,7.302446315017384,130.17679984474563
RANDOM,13049.74,1013.7,5376.31842758554,0.14547690577952338,6.131111463990975,129.46131082672616
RANDOM,13248.98,1920.64,5386.004710290819,0.14576954179702098,7.072067878325387,130.23264214329453
RANDOM,9041.87,1591.62,5372.80948513019,0.1456633792036002,5.412730856037455,129.95281830734353
RANDOM,11067.73,1274.38,5374.327801975809,0.14556101758079057,5.7515493431755385,129.68301308663644
RANDOM,13949.87,1545.36,5383.830736980457,0.14564845281136982,6.932399619395619,129.91347525630997
RANDOM,11809.51,1747.44,5380.873636093234,0.145713656558493,6.445668970585058,130.0853395830042
RANDOM,11400.56,1794.99,5380.399510828617,0.145728999186045,6.361319997397249,130.12577974894992
RANDOM,5265.49,1412.97,5362.151398879377,0.1456057354515042,4.0361693392279,129.8008806491689
RANDOM,8027.88,1430.2,5368.794377157713,0.1456112949356834,4.933350600972143,129.8155343622971
RANDOM,5320.96,1977.27,5368.017845402416,0.1457878142049762,4.599800836702898,130.28080463745866
RANDOM,13067.24,1560.51,5381.918171564264,0.14565334115642578,6.665718756799427,129.92635997795196
RANDOM,5733.88,1852.1,5367.712195349026,0.14574742647225938,4.610319246296706,130.17435047191861
RANDOM,14212.08,1415.45,5383.124030676235,0.14560653565584342,6.890293363957957,129.80298983132545
RANDOM,8048.22,1046.96,5364.946053711484,0.14548763755223376,4.5690559359695975,129.48959768097126
RANDOM,13310.92,1803.91,5384.963080064285,0.1457318773403618,6.978877001300921,130.13336600090025
RANDOM,14888.55,1857.38,5389.200487028936,0.14574913013311058,7.533477701545117,130.17884098876812
RANDOM,9693.42,1159.05,5369.93758824886,0.1455238048523874,5.201908397939248,129.5849276115886
RANDOM,6461.61,1829.85,5369.189902781821,0.1457402472196194,4.820756622805358,130.15542736587673
RANDOM,14129.38,1310.4,5381.8624791069105,0.1455726399034914,6.76229869835885,129.7136472565074
RANDOM,14728.58,1437.96,5384.562189058322,0.1456137988008738,7.0767057210066096,129.82213406130313
RANDOM,14351.73,1029.18,5379.5242555718705,0.1454819006033826,6.561097277196247,129.4744762056712
RANDOM,11388.11,1338.87,5375.733528681794,0.14558182612024018,5.916063390079174,129.7378603274742
RANDOM,7869.03,1307.58,5367.175915661324,0.1455717299937186,4.764084460915166,129.71124891228095
RANDOM,11297.45,1468.68,5376.840883172738,0.1456237110094626,6.012754442600181,129.84826070479107
RANDOM,14336.69,1596.07,5385.251940430906,0.1456648150541282,7.104759499199126,129.95660292855197
RANDOM,5623.25,1190.12,5360.723601089358,0.14553382999304018,3.9346018023526126,129.61135192191315
RANDOM,14133.89,1258.97,5381.350210852483,0.14555604534334418,6.713978629438427,129.66990724105858
RANDOM,6580.73,1967.73,5370.870471361144,0.14578473599957462,4.992122614063964,130.27269108996921
RANDOM,10915.29,1340.62,5374.6442647308795,0.14558239078056018,5.767045156940144,129.73934866165732
RANDOM,13147.03,1495.99,5381.449092319424,0.145632522937085,6.628729832900299,129.87148722281378
RANDOM,11652.81,1217.62,5375.120688393319,0.1455427032266402,5.883129221351876,129.6347400305043
RANDOM,13269.93,1615.99,5382.956746551779,0.14567124250188498,6.7840021095969005,129.9735444239387
RANDOM,13350.25,1701.06,5384.009612623247,0.1456986914466978,6.891907847755236,130.0458944747694
RANDOM,8360.23,1866.77,5374.010626987541,0.1457521599390562,5.461661016146569,130.18682696475608
RANDOM,9036.86,1238.46,5369.207595287366,0.14554942752439384,5.069457758175884,129.65246396443303
RANDOM,5183.95,1799.67,5365.891603224983,0.14573050924907216,4.384304000203726,130.12975997979385
RANDOM,14074.34,1433.34,5382.983394612804,0.14561230809762898,6.863697016742126,129.81820485905982
RANDOM,10083.29,1717.78,5376.530370656437,0.14570408637272658,5.866740983800035,130.06011444479287
RANDOM,13677.59,1445.65,5382.179590909489,0.1456162800796514,6.749142704926918,129.8286742269419
RANDOM,6585.38,1005.79,5361.102453979803,0.145474353514877,4.062944572930026,129.45458355621858
RANDOM,10664.92,1189.44,5372.521183889251,0.14553361058217298,5.540975722506356,129.61077359777354
RANDOM,12096.1,1363.15,5377.638032562943,0.1455896603788514,6.165225609710129,129.75850990116857
RANDOM,8230.15,1381.0,5368.76781116782,0.14559541991411543,4.950223998510635,129.77369090983584
RANDOM,6481.2,1087.42,5361.688363928007,0.14550069249883218,4.108712814337412,129.5240079672838
RANDOM,9573.75,1953.0,5377.728544020506,0.1457799831729954,5.931896420820109,130.26016356853117
RANDOM,7556.62,1155.51,5364.89852765622,0.14552266262522578,4.517378723156644,129.5819169241555
RANDOM,7534.68,1020.53,5363.474975834119,0.1454791095680866,4.379794546768046,129.4671195824235
RANDOM,12848.13,1276.66,5378.519583670178,0.14556175325252177,6.3212575255012835,129.6849521734578
RANDOM,5464.4,1164.42,5360.090410457853,0.14552553755291217,3.8591040774921486,129.58949467133894
RANDOM,12792.73,1495.97,5380.619335943309,0.1456325164838242,6.515777393677966,129.87147021328025
RANDOM,9530.34,1028.92,5368.232877413228,0.1454818167109922,5.024028151354944,129.47425508173544
RANDOM,12908.73,1912.65,5385.12682883628,0.1457669637193314,6.955883038744114,130.22584683465294
RANDOM,14493.95,1135.5,5380.938077021947,0.14551620613779542,6.7092926397663755,129.56489888586782
RANDOM,8009.01,1981.79,5374.357557527016,0.14578927264191702,5.4609895268247275,130.28464879203437
RANDOM,8427.97,1928.89,5374.800732951099,0.14577220376710098,5.5433531545129675,130.2396585758718
RANDOM,12364.44,1085.84,5375.447237709722,0.145500182691229,5.982466353479255,129.52266421413566
RANDOM,10865.07,1413.09,5375.263396995146,0.145605774171069,5.821151002183886,129.80098270637004
RANDOM,8071.31,1898.65,5373.658239951315,0.1457624464367714,5.400411140854343,130.2139401611883
RANDOM,10086.62,1558.73,5374.921294472863,0.1456527668162146,5.71392431080396,129.9248461294686
RANDOM,10512.5,1136.92,5371.6304011906495,0.1455166643193122,5.441579675726886,129.56610656274788
RANDOM,8005.73,1651.86,5370.995870182414,0.14568281642512979,5.140742487472728,130.00405102230823
RANDOM,14197.8,1219.76,5381.10124719522,0.14554339372554578,6.696414942152304,129.6365600505911
RANDOM,10844.62,1296.5,5374.0302831902845,0.14556815488723543,5.701833768464737,129.70182563071046
RANDOM,10856.63,1722.05,5378.384466139038,0.1457054641439074,6.117374182238725,130.0637459801996
RANDOM,12196.06,1727.36,5381.57456927078,0.1457071774846498,6.549454693489634,130.06826201134936
RANDOM,8599.21,1990.96,5375.83266407487,0.1457922314619938,5.657987533398537,130.2924476631536
RANDOM,13812.79,1068.66,5378.663735407813,0.14549463934020182,6.427506419791841,129.50805302484125
RANDOM,10439.38,1682.53,5377.005769791124,0.1456927125005666,5.9461408734574706,130.03013514196243
RANDOM,5307.1,1325.14,5361.355960351349,0.145577395956701,3.9644585243548724,129.72618328271224
RANDOM,11663.29,1279.53,5375.774591773208,0.1455626792954466,5.946366569094797,129.68739304151808
RANDOM,14213.69,1612.28,5385.128737826617,0.14567004542200662,7.081236154713482,129.9703891554705
RANDOM,9957.69,1021.45,5369.157530076492,0.14547940641808338,5.153018825974279,129.46790202096543
RANDOM,7862.09,1991.21,5374.109323080494,0.14579231212775376,5.423272477764676,130.29266028232263
RANDOM,8192.51,1346.3,5368.326927591401,0.1455842235066274,4.904654605480177,129.74417936917723
RANDOM,12977.86,1095.53,5376.981997464696,0.1455033092960866,6.187368823691673,129.53090533312655
RANDOM,9672.73,1320.48,5371.530212613017,0.14557589234693458,5.351494181298726,129.72222006140183
RANDOM,9338.0,1999.82,5377.652525765573,0.1457950902565282,5.902048668002215,130.2999828865034
RANDOM,14459.27,1834.7,5387.964816145089,0.14574181213536339,7.3747022387296495,130.15955217775556
RANDOM,7905.96,1857.12,5372.848905447097,0.1457490462407202,5.307526291823812,130.17861986483237
RANDOM,8181.49,1916.42,5374.096860407111,0.1457681801589922,5.452723170932527,130.2290531317216
RANDOM,8194.03,1263.31,5367.486825446985,0.14555744570093782,4.824847722980275,129.67359830983258
RANDOM,14626.09,1981.79,5389.850695999896,0.14578927264191702,7.570183115116727,130.28464879203437
RANDOM,8918.66,1434.7,5370.925783149778,0.1456127469193634,5.22164030866864,129.81936150733924
RANDOM,6464.38,1702.02,5367.896892190569,0.1456990012032162,4.697966257154128,130.0467109323785
RANDOM,14393.2,1729.1,5386.736610626266,0.14570773891833938,7.251476268528439,130.06974184076566
RANDOM,6342.97,1497.05,5365.528937256987,0.1456328649599074,4.460961919879845,129.87238872809044
RANDOM,12057.61,1820.42,5382.196435195067,0.14573720450715222,6.595357702131244,130.1474073708217
RANDOM,5693.36,1397.64,5362.997365751368,0.145600789027101,4.157721350429111,129.78784284172514
RANDOM,6311.13,1535.14,5365.841603449601,0.145645155195101,4.487664335928428,129.90478338468074
RANDOM,10165.27,1568.56,5375.20537445083,0.1456559385938978,5.748504344559696,129.93320631519404
RANDOM,7157.87,1891.04,5371.4421624654315,0.14575999097103698,5.101889689486359,130.20746803368368
RANDOM,7538.18,1151.51,5364.814689235278,0.1455213719730658,4.507631044534423,129.57851501745128
RANDOM,14438.32,1579.06,5385.316974963764,0.1456593265558178,7.120697172228523,129.94213632029246
RANDOM,9245.06,1389.66,5371.232143197687,0.1455982141760418,5.282104858979002,129.78105603785036
RANDOM,5638.67,1341.51,5362.298708111599,0.1455826779506658,4.085984119130878,129.740105585899
RANDOM,14711.38,1526.64,5385.423421762015,0.145642412559261,7.157019581162708,129.89755433293436
RANDOM,8653.42,1086.91,5366.7691848588765,0.14550052794068177,4.80061430598097,129.52357422417904
RANDOM,8223.2,1227.95,5367.1956604308125,0.1455460363358434,4.7999354722418905,129.64352545456785
RANDOM,12705.71,1718.49,5382.677685859758,0.14570431546348497,6.703324009215788,130.0607182832328
RANDOM,7794.18,1091.76,5364.806676558747,0.14550209285642576,4.531423932595261,129.5276990360578
RANDOM,11188.32,1894.43,5380.913463784606,0.1457610847987426,6.389874990011481,130.2103511496155
RANDOM,11039.77,1140.8,5372.9043871520735,0.1455179162519074,5.613400768052119,129.56940641225094
RANDOM,13942.86,1508.9,5383.443678221454,0.14563668851693143,6.8948907663970225,129.88246687670144
RANDOM,8520.52,1541.35,5371.0777679801,0.14564715893257937,5.197915244538234,129.91006484483896
RANDOM,6925.71,1109.28,5362.951358151699,0.1455077459128866,4.271549502384305,129.542599387422
RANDOM,11608.02,1994.36,5382.912013459164,0.14579332851632978,6.620334860913824,130.2953392838522
RANDOM,5187.55,1463.43,5362.481878318521,0.1456220170285026,4.060145144853266,129.8437957022419
RANDOM,11424.3,1865.7,5381.173920165684,0.14575181468960338,6.437297815839856,130.18591695471284
RANDOM,14140.56,1308.43,5381.868629145315,0.14557200425730257,6.763956381486238,129.71197181745558
RANDOM,8313.74,1725.68,5372.467481004758,0.14570663541074258,5.310340210925821,130.06683321053362
RANDOM,14806.81,1711.52,5387.526316248408,0.1457020665020962,7.366306070268401,130.0547904608009
RANDOM,11931.82,1439.23,5378.026804934996,0.14561420858293458,6.186467453605634,129.82321416668165
RANDOM,6612.78,1144.08,5362.572438619676,0.1455189745866786,4.20547149123342,129.5721959757483
RANDOM,8796.8,1590.1,5372.220229623195,0.14566288875577937,5.333144244467291,129.951525582796
RANDOM,12715.13,1405.39,5379.516824796844,0.145603289665661,6.403407826030413,129.79443403596446
RANDOM,11858.66,1181.62,5375.236693333533,0.14553108735720016,5.913914514070895,129.60412287016686
RANDOM,5925.06,1249.31,5362.031969433719,0.14555292841837777,4.0880690057455045,129.66169163636806
RANDOM,12826.38,1022.78,5375.887761215814,0.14547983555992658,6.068700228485295,129.46903315494458
RANDOM,7327.79,1251.53,5365.33886992852,0.1455536447303266,4.537336864381256,129.66357969458886
RANDOM,5640.65,1784.81,5366.809850188772,0.14572571447629779,4.51550028785172,130.11712189638786
RANDOM,6198.43,1995.78,5370.260510625826,0.1457937866978466,4.897402414688333,130.2965469607322
RANDOM,13273.9,1479.32,5381.576679812282,0.1456271441442082,6.653041697495326,129.8573097766242
RANDOM,9808.32,1449.78,5373.162121120418,0.14561761267800657,5.519808982560289,129.83218669561398
RANDOM,6972.92,1346.3,5365.47139663966,0.1455842235066274,4.515910414939176,129.74417936917723
RANDOM,8207.69,1865.17,5373.63720666186,0.14575164367819218,5.411490934214081,130.18546620207445
RANDOM,6238.26,1200.7,5362.271131224114,0.1455372437680034,4.140872144434766,129.62034996514578
RANDOM,8386.11,1039.89,5365.6653123094975,0.145485356324541,4.669918237581552,129.48358481087158
RANDOM,8054.19,1408.34,5368.633754290537,0.14560424152162899,4.920587740843249,129.79694294215884
RANDOM,13709.75,1992.4,5387.813049658026,0.14579269609677137,7.288364822312376,130.29367234956712
RANDOM,11720.49,1373.71,5376.865935582063,0.14559306770055377,6.055716576201949,129.76749093486757
RANDOM,12446.78,1053.02,5375.306385359239,0.1454895928902562,5.976959440769919,129.49475156962802
RANDOM,6127.09,1399.28,5364.029567039022,0.14560131819448657,4.297559416047261,129.78923762347387
RANDOM,13633.1,1741.88,5385.086842253268,0.1457118625519906,7.0215588973780125,130.08061093268537
RANDOM,10374.5,1226.03,5372.213165766327,0.14554541682280658,5.483804565488104,129.64189253934984
RANDOM,13483.69,1400.31,5381.264678076868,0.14560165053741778,6.6434714374823125,129.79011361445018
RANDOM,9651.1,1262.91,5370.894322419691,0.14555731663572177,5.288901646726653,129.67325811916223
RANDOM,14757.75,1670.57,5386.995157695278,0.1456888534506082,7.311049787026473,130.019963440917
RANDOM,9587.24,1018.86,5368.263834169937,0.14547857072080977,5.0324321455424,129.4656992863745
RANDOM,13646.15,1740.23,5385.10062374454,0.14571133015797458,7.024122237255696,130.07920764616998
RANDOM,13681.14,1472.48,5382.460651667018,0.1456249371290146,6.776231825674089,129.85149251616005
RANDOM,12637.76,1025.03,5375.4690020739845,0.14548056155176659,6.010754458234543,129.47094672746567
RANDOM,5879.21,1042.93,5359.826595826051,0.14548633722018256,3.873785260425879,129.48617025996677
RANDOM,5585.7,1255.28,5361.298086600934,0.14555485471672658,3.9856739109023387,129.6667689821241
RANDOM,5312.94,1271.73,5360.826677825066,0.14556016252373458,3.914646777220668,129.68075932344487
RANDOM,6438.95,1035.71,5361.063766035797,0.14548400759303384,4.0452171049603525,129.48002981836578
RANDOM,14598.27,1804.67,5387.984989351376,0.1457321225642722,7.389954971854501,130.1340123631741
RANDOM,9366.03,1626.68,5373.924882317012,0.1456746917697826,5.549976764157873,129.98263601960554
RANDOM,9369.96,1818.09,5375.879922761412,0.14573645270226898,5.73641529889967,130.14542576016646
RANDOM,12599.39,1317.53,5378.352664207243,0.1455749404909666,6.281512689913887,129.71971115520756
RANDOM,5171.83,1461.15,5362.421893670636,0.14562128135677138,4.052928536059521,129.8418566154205
RANDOM,10691.23,1300.73,5373.71413939247,0.1455695197518946,5.657033172771764,129.70542314705006
RANDOM,8848.79,1942.9,5375.928458086623,0.1457767242762914,5.691043918888902,130.2515737541031
RANDOM,9071.54,1908.09,5376.096129771006,0.145765492375869,5.7283673892316225,130.2219686610102
RANDOM,6251.52,1571.49,5366.07156083355,0.145656883996605,4.503831647501202,129.9356982118548
RANDOM,13386.15,1874.32,5385.854997621758,0.14575459604500818,7.07097700730956,130.1932480636602
RANDOM,14624.5,1116.31,5381.0486629595325,0.14551001423405777,6.732339447799685,129.54857823845464
RANDOM,6185.26,1069.89,5360.817247404637,0.145495036215741,3.9974219986632025,129.5090991111528
RANDOM,13817.27,1400.21,5382.044701037173,0.14560161827111376,6.749703280862658,129.79002856678258
RANDOM,6336.97,1381.74,5364.342668724013,0.145595658684765,4.347488999964886,129.7743202625761
RANDOM,6404.15,1001.57,5360.635224852453,0.14547299187684817,4.001094751911164,129.45099454464577
RANDOM,7040.49,1241.28,5364.561990119031,0.14555033743416657,4.435843321291568,129.6548623086594
RANDOM,14318.03,1322.71,5382.429322767998,0.14557661188551382,6.834340578003643,129.72411662438947
RANDOM,10348.42,1175.73,5371.640761885982,0.1455291868718946,5.426827192483386,129.59911356254497
RANDOM,11584.34,1323.62,5376.037950166011,0.1455769055088802,5.9638575730537084,129.72489055816465
RANDOM,12316.83,1530.97,5379.860873898023,0.1456438096902242,6.397946207847392,129.90123689694167
RANDOM,9891.08,1576.9,5374.64817272705,0.1456586296036514,5.669175114500765,129.94029929067224
RANDOM,13643.4,1597.68,5383.645047894368,0.1456653345416226,6.8853310280407785,129.95797219600038
RANDOM,12419.58,1327.37,5378.031691217808,0.1455781154952802,6.233718299341789,129.7280798456998
RANDOM,8395.55,1770.02,5373.1097820648665,0.1457209422899362,5.379315319462871,130.10454334634917
RANDOM,9480.7,1015.3,5367.978192601339,0.14547742204038738,4.995028293081465,129.46267158940782
RANDOM,11085.71,1948.38,5381.221659928187,0.1457784924697506,6.409363749935625,130.25623436628786
RANDOM,13054.45,1243.75,5378.668101432551,0.1455511344118754,6.355182151958458,129.6569629860493
RANDOM,6591.16,1165.9,5362.743635954558,0.1455260150942114,4.21969058908865,129.59075337681952
RANDOM,5408.62,1070.12,5359.001171519225,0.14549511042824018,3.750090597329011,129.50929472078832
RANDOM,12070.19,1856.92,5382.596942106719,0.14574898170811218,6.634680691377502,130.17844976949712
RANDOM,11855.7,1391.31,5377.361432740757,0.14559874657005778,6.115842444232317,129.78245932436585
RANDOM,13158.87,1337.69,5379.867565692542,0.145581445377853,6.479351333515637,129.73685676499653
RANDOM,9029.55,1498.63,5371.835320045788,0.1456333747675106,5.318837648756002,129.87373248123856
RANDOM,10700.64,1617.14,5376.952737603981,0.145671613564381,5.966153784034939,129.97452247211615
RANDOM,11043.21,1029.36,5371.77956300999,0.1454819586827298,5.506681004919227,129.47462929147292
RANDOM,5072.55,1040.22,5357.910344034542,0.1454854628033442,3.6140405882010156,129.48386546817468
RANDOM,7366.49,1913.23,5372.156201864789,0.14576715086389458,5.1898557328857144,130.22634011112496
RANDOM,8144.26,1421.31,5368.976493558154,0.1456084264612578,4.9618457938729685,129.80797362464708
RANDOM,7498.43,1104.64,5364.245147356422,0.145506248756381,4.44961482577149,129.53865317564527
RANDOM,13182.69,1641.4,5383.010797415973,0.14567944136973138,6.780778101607565,129.99515503627688
RANDOM,10331.68,1585.97,5375.771991347724,0.14566155615742418,5.818391387772919,129.9480131141239
RANDOM,13718.28,1363.52,5381.439943456262,0.14558977976417622,6.682653291060253,129.75882457753866
RANDOM,5229.23,1662.74,5364.605616029044,0.14568632699900497,4.266259600990847,130.01330420854356
RANDOM,10901.42,1611.87,5377.3692672359275,0.1456699131301602,6.0250537555676935,129.97004046003337
RANDOM,8368.76,1892.45,5374.29165715921,0.14576044592592338,5.489224906386701,130.2086672057969
RANDOM,14342.08,1502.86,5384.317004813095,0.14563473963216983,7.01629850647103,129.87732999757822
RANDOM,13543.84,1282.89,5380.2118423565125,0.145563763443261,6.5490424351314225,129.69025064314948
