sample_type,N_rate,P_rate,K_rate,Zn_rate,global_warming,freshwater_eutrophication,terrestrial_acidification,terrestrial_ecotoxicity
OAT_N,140.1924,50,35,20,5157.542319,0.401897165,23.99562159,13605.52868
OAT_N,142.1203,50,35,20,5169.820359,0.404728287,24.28292634,13615.52821
OAT_N,142.7323,50,35,20,5173.717947,0.405627009,24.37412947,13618.7025
OAT_N,123.1199,50,35,20,5048.814253,0.376826195,21.4513971,13516.97798
OAT_N,140.8317,50,35,20,5161.61377,0.402835977,24.09089309,13608.84457
OAT_N,147.0393,50,35,20,5201.147543,0.411951839,25.01597893,13641.04181
OAT_N,140.4994,50,35,20,5159.497482,0.402347995,24.04137218,13607.12101
OAT_N,122.2009,50,35,20,5042.961502,0.375476644,21.31444339,13512.21136
OAT_N,139.0408,50,35,20,5150.20823,0.40020604,23.82400473,13599.55563
OAT_N,135.1165,50,35,20,5125.2159,0.394443205,23.23918703,13579.20128
OAT_N,145.0671,50,35,20,5188.587374,0.409055663,24.72207238,13630.81251
OAT_N,123.9685,50,35,20,5054.218654,0.378072365,21.57785948,13521.37945
OAT_N,141.4909,50,35,20,5165.811957,0.403804013,24.18913019,13612.26367
OAT_N,121.0487,50,35,20,5035.623591,0.373784638,21.14273711,13506.23519
OAT_N,121.0789,50,35,20,5035.815923,0.373828986,21.14723765,13506.39183
OAT_N,148.2257,50,35,20,5208.70326,0.413694068,25.19278185,13647.19536
OAT_N,136.5883,50,35,20,5134.589218,0.396604544,23.45852161,13586.83514
OAT_N,125.3934,50,35,20,5063.293284,0.38016483,21.7902048,13528.77004
OAT_N,138.6961,50,35,20,5148.01297,0.399699848,23.77263591,13597.76776
OAT_N,138.1596,50,35,20,5144.596212,0.398911998,23.69268414,13594.98507
OAT_N,130.6705,50,35,20,5096.901067,0.387914253,22.57662313,13556.14102
OAT_N,138.9407,50,35,20,5149.570732,0.400059043,23.80908735,13599.03644
OAT_N,127.833,50,35,20,5078.830141,0.383747384,22.1537655,13541.42363
OAT_N,136.9982,50,35,20,5137.19971,0.397206482,23.51960684,13588.96118
OAT_N,146.3245,50,35,20,5196.595262,0.410902155,24.90945606,13637.33432
OAT_N,140.2547,50,35,20,5157.939083,0.401988653,24.00490583,13605.85182
OAT_N,145.6815,50,35,20,5192.500247,0.40995791,24.81363317,13633.99925
OAT_N,142.027,50,35,20,5169.226168,0.404591276,24.26902234,13615.04429
OAT_N,132.8553,50,35,20,5110.815203,0.391122632,22.90221234,13567.47302
OAT_N,146.8878,50,35,20,5200.182699,0.411729362,24.99340168,13640.25602
OAT_N,145.3907,50,35,20,5190.648256,0.40953087,24.77029678,13632.49094
OAT_N,133.7905,50,35,20,5116.771125,0.392495974,23.04158025,13572.32366
OAT_N,146.7727,50,35,20,5199.449672,0.411560337,24.97624894,13639.65902
OAT_N,124.3279,50,35,20,5056.507532,0.378600143,21.63141896,13523.24357
OAT_N,120.777,50,35,20,5033.893241,0.373385646,21.10224709,13504.82595
OAT_N,120.317,50,35,20,5030.963681,0.372710136,21.03369572,13502.44005
OAT_N,127.7828,50,35,20,5078.510437,0.383673665,22.14628446,13541.16325
OAT_N,135.7667,50,35,20,5129.356769,0.395398024,23.3360829,13582.57371
OAT_N,137.3798,50,35,20,5139.629971,0.397766861,23.57647467,13590.94044
OAT_N,127.1031,50,35,20,5074.181694,0.382675525,22.04499236,13537.63782
OAT_N,143.9114,50,35,20,5181.227173,0.407358518,24.54984451,13624.81819
OAT_N,138.2528,50,35,20,5145.189766,0.399048862,23.70657325,13595.46847
OAT_N,122.8904,50,35,20,5047.352657,0.376489174,21.41719593,13515.78762
OAT_N,125.6086,50,35,20,5064.663809,0.380480852,21.82227492,13529.88623
OAT_N,124.2198,50,35,20,5055.819085,0.378441399,21.61530939,13522.68288
OAT_N,131.7759,50,35,20,5103.940927,0.389537533,22.74135506,13561.87444
OAT_N,147.9104,50,35,20,5206.695238,0.41323105,25.14579436,13645.55998
OAT_N,127.7481,50,35,20,5078.289446,0.383622708,22.1411133,13540.98327
OAT_N,125.3215,50,35,20,5062.835381,0.380059245,21.77948992,13528.39712
OAT_N,140.7079,50,35,20,5160.825337,0.402654177,24.07244383,13608.20245
OAT_N,132.5444,50,35,20,5108.835202,0.390666076,22.85588055,13565.86046
OAT_N,132.8962,50,35,20,5111.075679,0.391182694,22.90830745,13567.68515
OAT_N,124.1852,50,35,20,5055.598731,0.378390589,21.61015313,13522.50342
OAT_N,129.947,50,35,20,5092.293379,0.386851793,22.46880375,13552.38841
OAT_N,135.8745,50,35,20,5130.043305,0.395556328,23.35214776,13583.13284
OAT_N,143.4557,50,35,20,5178.324999,0.406689322,24.48193395,13622.45459
OAT_N,149.3256,50,35,20,5215.708093,0.415309271,25.35669414,13652.90026
OAT_N,123.6677,50,35,20,5052.302977,0.37763064,21.53303284,13519.81928
OAT_N,149.451,50,35,20,5216.506716,0.415493421,25.37538184,13653.55068
OAT_N,139.4083,50,35,20,5152.548693,0.400745714,23.87877131,13601.46176
OAT_N,143.9759,50,35,20,5181.637949,0.407453236,24.55945661,13625.15273
OAT_N,136.4352,50,35,20,5133.614184,0.396379716,23.43570592,13586.04105
OAT_N,141.9623,50,35,20,5168.814119,0.404496264,24.25938044,13614.7087
OAT_N,148.6867,50,35,20,5211.639189,0.414371047,25.26148225,13649.58645
OAT_N,141.4228,50,35,20,5165.378255,0.403704008,24.1789816,13611.91045
OAT_N,132.3461,50,35,20,5107.572307,0.390374872,22.82632895,13564.83193
OAT_N,136.2828,50,35,20,5132.643608,0.396155917,23.41299455,13585.25059
OAT_N,125.2951,50,35,20,5062.66725,0.380020477,21.77555567,13528.26019
OAT_N,128.662,50,35,20,5084.109717,0.38496477,22.27730699,13545.72344
OAT_N,129.0247,50,35,20,5086.419612,0.385497395,22.33135825,13547.60467
OAT_N,149.717,50,35,20,5218.200766,0.415884042,25.41502241,13654.93036
OAT_N,146.6574,50,35,20,5198.715372,0.411391019,24.95906639,13639.06099
OAT_N,131.3503,50,35,20,5101.230447,0.388912539,22.67793014,13559.66697
OAT_N,131.2145,50,35,20,5100.36559,0.388713117,22.65769258,13558.96261
OAT_N,129.4335,50,35,20,5089.023099,0.386097718,22.39227956,13549.72501
OAT_N,137.71,50,35,20,5141.732886,0.39825176,23.62568263,13592.65311
OAT_N,122.5601,50,35,20,5045.249106,0.376004129,21.36797306,13514.07444
OAT_N,123.8438,50,35,20,5053.424489,0.377889243,21.55927609,13520.73266
OAT_N,149.1372,50,35,20,5214.508247,0.415032606,25.32861788,13651.92308
OAT_N,135.8675,50,35,20,5129.998725,0.395546049,23.35110459,13583.09653
OAT_N,121.3951,50,35,20,5037.829677,0.374293326,21.19435927,13508.03188
OAT_N,122.348,50,35,20,5043.898324,0.37569266,21.33636492,13512.97433
OAT_N,127.3344,50,35,20,5075.654753,0.383015189,22.07946177,13538.83752
OAT_N,125.4327,50,35,20,5063.54357,0.380222543,21.79606147,13528.97388
OAT_N,144.3884,50,35,20,5184.265,0.408058992,24.6209293,13627.29227
OAT_N,140.7656,50,35,20,5161.192805,0.40273891,24.08104256,13608.50173
OAT_N,136.1664,50,35,20,5131.902302,0.395984983,23.39564808,13584.64685
OAT_N,136.3453,50,35,20,5133.041646,0.396247698,23.4223086,13585.57476
OAT_N,124.8533,50,35,20,5059.853599,0.379371694,21.70971655,13525.96868
OAT_N,143.5194,50,35,20,5178.730679,0.406782865,24.49142682,13622.78498
OAT_N,133.0736,50,35,20,5112.20547,0.391443206,22.93474443,13568.60528
OAT_N,131.9721,50,35,20,5105.190448,0.389825653,22.7705937,13562.89208
OAT_N,130.6025,50,35,20,5096.468002,0.387814395,22.56648945,13555.78832
OAT_N,145.8721,50,35,20,5193.714104,0.410237806,24.84203728,13634.98784
OAT_N,147.8939,50,35,20,5206.590156,0.41320682,25.14333545,13645.4744
OAT_N,137.2928,50,35,20,5139.075902,0.397639102,23.56350952,13590.4892
OAT_N,135.1316,50,35,20,5125.312066,0.394465379,23.2414373,13579.2796
OAT_N,132.6886,50,35,20,5109.753556,0.390877833,22.87736991,13566.60839
OAT_N,125.5509,50,35,20,5064.29634,0.380396119,21.81367619,13529.58696
OAT_N,142.9965,50,35,20,5175.400534,0.406014987,24.4135018,13620.07284
OAT_N,139.2793,50,35,20,5151.727143,0.400556278,23.85954712,13600.79267
OAT_N,143.0637,50,35,20,5175.828504,0.40611367,24.42351626,13620.42138
OAT_N,142.6861,50,35,20,5173.423718,0.405559164,24.36724453,13618.46287
OAT_N,122.6048,50,35,20,5045.533783,0.376069771,21.37463447,13514.30629
OAT_N,130.6882,50,35,20,5097.013792,0.387940245,22.57926087,13556.23282
OAT_N,136.4487,50,35,20,5133.70016,0.396399541,23.43771775,13586.11107
OAT_N,145.7196,50,35,20,5192.742891,0.41001386,24.81931101,13634.19686
OAT_N,120.3947,50,35,20,5031.458522,0.372824238,21.04527494,13502.84306
OAT_N,137.179,50,35,20,5138.351155,0.397471987,23.54655051,13589.89895
OAT_N,142.8427,50,35,20,5174.421042,0.405789131,24.3905818,13619.27511
OAT_N,147.4499,50,35,20,5203.762494,0.412554806,25.07716848,13643.17149
OAT_N,127.6744,50,35,20,5077.82008,0.383514479,22.13013018,13540.60101
OAT_N,146.3242,50,35,20,5196.593352,0.410901715,24.90941135,13637.33277
OAT_N,133.168,50,35,20,5112.806666,0.391581832,22.94881236,13569.09491
OAT_N,145.4344,50,35,20,5190.926564,0.409595043,24.77680916,13632.7176
OAT_N,146.9503,50,35,20,5200.580737,0.411821143,25.00271573,13640.58019
OAT_N,148.3875,50,35,20,5209.733701,0.413931671,25.21689405,13648.03458
OAT_N,131.6751,50,35,20,5103.298971,0.389389508,22.72633336,13561.35162
OAT_N,133.0963,50,35,20,5112.350037,0.391476541,22.93812729,13568.72302
OAT_N,120.9285,50,35,20,5034.858085,0.373608124,21.12482433,13505.61175
OAT_N,125.7179,50,35,20,5065.359897,0.380641359,21.83856332,13530.45314
OAT_N,136.6892,50,35,20,5135.23181,0.396752715,23.4735582,13587.35848
OAT_N,125.8138,50,35,20,5065.970647,0.380782188,21.85285479,13530.95055
OAT_N,142.7208,50,35,20,5173.644708,0.405610121,24.37241569,13618.64285
OAT_N,124.7299,50,35,20,5059.067712,0.379190481,21.6913269,13525.32864
OAT_N,120.8219,50,35,20,5034.179191,0.373451582,21.1089383,13505.05884
OAT_N,147.897,50,35,20,5206.609899,0.413211372,25.14379743,13645.49048
OAT_N,121.7505,50,35,20,5040.093081,0.374815231,21.24732265,13509.87525
OAT_N,145.6718,50,35,20,5192.438471,0.409943665,24.81218763,13633.94893
OAT_N,147.495,50,35,20,5204.049718,0.412621035,25.08388949,13643.40541
OAT_N,125.2243,50,35,20,5062.216352,0.379916507,21.76500472,13527.89297
OAT_N,138.9466,50,35,20,5149.608307,0.400067708,23.8099666,13599.06704
OAT_N,128.9532,50,35,20,5085.964256,0.385392398,22.32070299,13547.23382
OAT_N,126.5624,50,35,20,5070.738187,0.381881507,21.96441469,13534.83335
OAT_N,138.0766,50,35,20,5144.067617,0.398790112,23.68031509,13594.55457
OAT_N,129.7406,50,35,20,5090.978898,0.386548695,22.43804505,13551.31786
OAT_N,131.909,50,35,20,5104.788589,0.38973299,22.76119025,13562.5648
OAT_N,132.9133,50,35,20,5111.184582,0.391207805,22.91085577,13567.77385
OAT_N,136.3447,50,35,20,5133.037825,0.396246817,23.42221918,13585.57165
OAT_N,121.5289,50,35,20,5038.681797,0.374489811,21.21429878,13508.72587
OAT_N,146.1249,50,35,20,5195.324088,0.410609043,24.87971073,13636.29905
OAT_N,144.7417,50,35,20,5186.515029,0.408577813,24.67357974,13629.12474
OAT_N,121.6349,50,35,20,5039.35687,0.374645472,21.2300954,13509.27566
OAT_N,142.6033,50,35,20,5172.896397,0.405437572,24.35490528,13618.03341
OAT_N,120.6224,50,35,20,5032.908654,0.373158616,21.07920787,13504.02408
OAT_N,149.1488,50,35,20,5214.582123,0.415049641,25.33034657,13651.98325
OAT_N,133.5689,50,35,20,5115.359842,0.392170554,23.00855637,13571.17428
OAT_N,124.6178,50,35,20,5058.353791,0.379025862,21.67462123,13524.74721
OAT_N,135.9829,50,35,20,5130.733662,0.395715514,23.36830204,13583.69508
OAT_N,147.0813,50,35,20,5201.415025,0.412013516,25.02223797,13641.25965
OAT_N,141.8181,50,35,20,5167.895766,0.404284506,24.23789107,13613.96078
OAT_N,132.2472,50,35,20,5106.942452,0.390229637,22.8115904,13564.31896
OAT_N,142.6473,50,35,20,5173.176616,0.405502186,24.36146237,13618.26162
OAT_N,122.7996,50,35,20,5046.774388,0.376355835,21.40366448,13515.31667
OAT_N,128.4971,50,35,20,5083.059534,0.384722615,22.25273281,13544.86814
OAT_N,136.6886,50,35,20,5135.227989,0.396751834,23.47346878,13587.35537
OAT_N,134.8259,50,35,20,5123.365182,0.394016459,23.19588044,13577.69402
OAT_N,144.9744,50,35,20,5187.997004,0.408919533,24.70825779,13630.3317
OAT_N,128.4626,50,35,20,5082.839817,0.384671951,22.24759146,13544.6892
OAT_N,137.2046,50,35,20,5138.514191,0.39750958,23.55036554,13590.03173
OAT_N,141.5515,50,35,20,5166.197895,0.403893004,24.19816108,13612.57799
OAT_N,137.6909,50,35,20,5141.611245,0.398223712,23.62283626,13592.55404
OAT_N,140.9711,50,35,20,5162.501554,0.403040686,24.11166714,13609.5676
OAT_N,130.0019,50,35,20,5092.643016,0.386932414,22.47698521,13552.67316
OAT_N,140.8121,50,35,20,5161.488946,0.402807195,24.08797221,13608.74291
OAT_N,129.9499,50,35,20,5092.311848,0.386856052,22.46923592,13552.40345
OAT_N,134.6007,50,35,20,5121.930972,0.393685753,23.16232008,13576.52596
OAT_N,140.9165,50,35,20,5162.153828,0.402960506,24.10353039,13609.28441
OAT_N,140.9839,50,35,20,5162.583072,0.403059483,24.11357465,13609.63399
OAT_N,120.6016,50,35,20,5032.776187,0.373128071,21.07610815,13503.9162
OAT_N,147.0113,50,35,20,5200.969222,0.411910721,25.01180624,13640.89658
OAT_N,149.4698,50,35,20,5216.626446,0.415521029,25.3781835,13653.64819
OAT_N,121.2704,50,35,20,5037.035512,0.374110204,21.17577589,13507.38509
OAT_N,125.3602,50,35,20,5063.081846,0.380116076,21.78525718,13528.59784
OAT_N,141.7171,50,35,20,5167.252536,0.404136187,24.22283958,13613.43691
OAT_N,135.2294,50,35,20,5125.934916,0.394608999,23.25601192,13579.78687
OAT_N,127.5113,50,35,20,5076.78136,0.383274967,22.10582425,13539.75505
OAT_N,142.4241,50,35,20,5171.755142,0.405174417,24.32820005,13617.10394
OAT_N,121.7735,50,35,20,5040.239559,0.374849007,21.25075022,13509.99455
OAT_N,122.7255,50,35,20,5046.302474,0.376247019,21.39262175,13514.93233
OAT_N,133.0321,50,35,20,5111.941173,0.391382263,22.92855991,13568.39003
OAT_N,121.3973,50,35,20,5037.843688,0.374296557,21.19468712,13508.04329
OAT_N,133.8062,50,35,20,5116.871112,0.392519029,23.04391994,13572.40509
OAT_N,144.3548,50,35,20,5184.051014,0.408009651,24.61592207,13627.11799
OAT_N,143.5295,50,35,20,5178.795002,0.406797697,24.49293197,13622.83737
OAT_N,130.4649,50,35,20,5095.591681,0.387612329,22.54598365,13555.07462
OAT_N,140.1798,50,35,20,5157.462074,0.401878662,23.99374388,13605.46333
OAT_N,123.3821,50,35,20,5050.484102,0.377211236,21.49047138,13518.33794
OAT_N,120.2072,50,35,20,5030.264407,0.372548895,21.01733281,13501.87055
OAT_N,137.3261,50,35,20,5139.287977,0.397688003,23.56847204,13590.66192
OAT_N,143.9099,50,35,20,5181.21762,0.407356315,24.54962098,13624.81041
OAT_N,133.375,50,35,20,5114.124968,0.391885812,22.97966048,13570.16857
OAT_N,145.3187,50,35,20,5190.189716,0.409425138,24.759567,13632.11749
OAT_N,144.1353,50,35,20,5182.653105,0.407687315,24.58321115,13625.9795
OAT_N,137.4344,50,35,20,5139.977697,0.397847042,23.58461142,13591.22364
OAT_N,143.8762,50,35,20,5181.002998,0.407306826,24.54459884,13624.63562
OAT_N,124.0442,50,35,20,5054.700758,0.37818353,21.58914065,13521.77209
OAT_N,139.3595,50,35,20,5152.237905,0.400674051,23.8714989,13601.20864
OAT_N,136.0149,50,35,20,5130.937458,0.395762506,23.37307083,13583.86106
OAT_N,146.7986,50,35,20,5199.614619,0.411598371,24.98010868,13639.79336
OAT_P,135,45.752,35,20,5112.126741,0.390024352,23.16082948,13560.8901
OAT_P,135,50.49,35,20,5125.898189,0.394762098,23.22886146,13580.63949
OAT_P,135,55.6598,35,20,5140.924703,0.399931622,23.30309357,13602.18876
OAT_P,135,46.6675,35,20,5114.787729,0.390939803,23.17397496,13564.70618
OAT_P,135,46.2989,35,20,5113.716358,0.390571222,23.1686823,13563.16975
OAT_P,135,48.4362,35,20,5119.928624,0.392708408,23.19937136,13572.07865
OAT_P,135,46.91,35,20,5115.492578,0.39118229,23.17745696,13565.71699
OAT_P,135,49.0942,35,20,5121.841163,0.393366373,23.20881945,13574.82139
OAT_P,135,56.9655,35,20,5144.719845,0.401237253,23.32184185,13607.6313
OAT_P,135,55.7697,35,20,5141.244138,0.400041516,23.3046716,13602.64685
OAT_P,135,55.0028,35,20,5139.015071,0.399274657,23.29365984,13599.45018
OAT_P,135,54.893,35,20,5138.695926,0.399164863,23.29208324,13598.99251
OAT_P,135,52.2793,35,20,5131.098959,0.396551303,23.25455365,13588.09783
OAT_P,135,51.5983,35,20,5129.119568,0.395870339,23.24477531,13585.25922
OAT_P,135,58.5652,35,20,5149.369525,0.402836867,23.34481161,13614.29933
OAT_P,135,55.043,35,20,5139.131916,0.399314855,23.29423706,13599.61775
OAT_P,135,47.3189,35,20,5116.681085,0.391591168,23.18332828,13567.42141
OAT_P,135,42.9356,35,20,5103.940607,0.387208102,23.12038936,13549.15051
OAT_P,135,45.6048,35,20,5111.698891,0.38987716,23.15871586,13560.27653
OAT_P,135,41.2163,35,20,5098.943298,0.385488894,23.09570228,13541.98396
OAT_P,135,46.4044,35,20,5114.023004,0.390676717,23.17019716,13563.6095
OAT_P,135,41.3001,35,20,5099.186871,0.385572689,23.09690555,13542.33326
OAT_P,135,43.1744,35,20,5104.634702,0.387446889,23.12381824,13550.1459
OAT_P,135,54.6799,35,20,5138.076531,0.398951775,23.28902338,13598.10424
OAT_P,135,44.6116,35,20,5108.81206,0.388884013,23.14445471,13556.13658
OAT_P,135,45.7435,35,20,5112.102035,0.390015852,23.16070743,13560.85467
OAT_P,135,52.1788,35,20,5130.806846,0.396450808,23.25311059,13587.67891
OAT_P,135,52.4391,35,20,5131.563433,0.396711094,23.25684819,13588.76392
OAT_P,135,42.5341,35,20,5102.773609,0.386806624,23.1146243,13547.47694
OAT_P,135,54.4018,35,20,5137.268207,0.398673689,23.2850302,13596.94504
OAT_P,135,48.0905,35,20,5118.923814,0.392362727,23.19440752,13570.63767
OAT_P,135,52.6967,35,20,5132.312172,0.396968681,23.26054701,13589.83768
OAT_P,135,55.3221,35,20,5139.943146,0.39959394,23.2982446,13600.78112
OAT_P,135,46.3689,35,20,5113.91982,0.390641219,23.16968742,13563.46153
OAT_P,135,51.6536,35,20,5129.280302,0.395925636,23.24556935,13585.48972
OAT_P,135,54.6192,35,20,5137.900101,0.398891078,23.2881518,13597.85123
OAT_P,135,52.0292,35,20,5130.37202,0.396301216,23.25096252,13587.05534
OAT_P,135,45.524,35,20,5111.464038,0.389796364,23.15755567,13559.93973
OAT_P,135,49.1939,35,20,5122.130951,0.393466068,23.21025102,13575.23696
OAT_P,135,40.6266,35,20,5097.229279,0.384899225,23.0872349,13539.52591
OAT_P,135,54.4997,35,20,5137.552763,0.398771584,23.28643593,13597.35311
OAT_P,135,55.9158,35,20,5141.668792,0.400187609,23.30676942,13603.25584
OAT_P,135,55.4078,35,20,5140.192242,0.399679636,23.29947515,13601.13835
OAT_P,135,43.2992,35,20,5104.997445,0.387571683,23.12561022,13550.66611
OAT_P,135,53.6995,35,20,5135.226905,0.397971427,23.27494602,13594.01764
OAT_P,135,40.786,35,20,5097.69259,0.385058617,23.08952369,13540.19034
OAT_P,135,49.6804,35,20,5123.545009,0.393952542,23.21723658,13577.26484
OAT_P,135,43.8899,35,20,5106.714371,0.388162351,23.13409196,13553.12832
OAT_P,135,57.2506,35,20,5145.548515,0.401522337,23.32593554,13608.81968
OAT_P,135,49.629,35,20,5123.39561,0.393901144,23.21649853,13577.05059
OAT_P,135,48.7604,35,20,5120.870942,0.393032591,23.20402648,13573.43001
OAT_P,135,47.9543,35,20,5118.527936,0.392226534,23.19245186,13570.06994
OAT_P,135,48.249,35,20,5119.384509,0.392521218,23.19668339,13571.29834
OAT_P,135,45.4909,35,20,5111.367829,0.389763266,23.1570804,13559.80176
OAT_P,135,58.9604,35,20,5150.518211,0.403232046,23.35048621,13615.94664
OAT_P,135,47.4696,35,20,5117.119109,0.39174186,23.18549215,13568.04957
OAT_P,135,59.4894,35,20,5152.0558,0.403761018,23.35808201,13618.15167
OAT_P,135,57.3989,35,20,5145.979563,0.401670629,23.32806495,13609.43784
OAT_P,135,46.3081,35,20,5113.743099,0.390580422,23.1688144,13563.20809
OAT_P,135,52.5599,35,20,5131.91455,0.396831888,23.25858273,13589.26745
OAT_P,135,42.0034,35,20,5101.231079,0.386275952,23.10700409,13545.26483
OAT_P,135,51.5351,35,20,5128.935871,0.395807143,23.24386784,13584.99578
OAT_P,135,44.5039,35,20,5108.49902,0.388776318,23.14290826,13555.68765
OAT_P,135,58.0096,35,20,5147.75462,0.402281297,23.33683387,13611.98342
OAT_P,135,51.4726,35,20,5128.754209,0.395744646,23.24297041,13584.73526
OAT_P,135,41.7916,35,20,5100.615462,0.386064163,23.1039629,13544.38198
OAT_P,135,59.3783,35,20,5151.732877,0.403649924,23.35648675,13617.68857
OAT_P,135,52.0489,35,20,5130.42928,0.396320915,23.25124539,13587.13745
OAT_P,135,59.9769,35,20,5153.472765,0.404248492,23.36508193,13620.18371
OAT_P,135,47.6821,35,20,5117.73676,0.391954349,23.18854339,13568.93533
OAT_P,135,59.0182,35,20,5150.686212,0.403289843,23.35131615,13616.18756
OAT_P,135,56.7789,35,20,5144.177474,0.401050662,23.3191625,13606.8535
OAT_P,135,46.3587,35,20,5113.890173,0.390631019,23.16954096,13563.41901
OAT_P,135,59.8952,35,20,5153.235296,0.404166796,23.36390881,13619.84316
OAT_P,135,59.4578,35,20,5151.963951,0.403729419,23.35762828,13618.01995
OAT_P,135,52.3811,35,20,5131.39485,0.396653097,23.25601538,13588.52216
OAT_P,135,44.8262,35,20,5109.435816,0.389098601,23.1475361,13557.03109
OAT_P,135,47.5897,35,20,5117.468191,0.391861953,23.18721664,13568.55018
OAT_P,135,51.6018,35,20,5129.129741,0.395873839,23.24482557,13585.27381
OAT_P,135,53.3726,35,20,5134.276739,0.397644544,23.27025213,13592.65503
OAT_P,135,58.9471,35,20,5150.479553,0.403218747,23.35029524,13615.8912
OAT_P,135,54.3483,35,20,5137.112704,0.398620192,23.284262,13596.72203
OAT_P,135,49.8649,35,20,5124.081276,0.394137032,23.21988577,13578.03389
OAT_P,135,46.3486,35,20,5113.860816,0.39062092,23.16939594,13563.37691
OAT_P,135,52.2665,35,20,5131.061755,0.396538504,23.25436986,13588.04447
OAT_P,135,40.0757,35,20,5095.628036,0.384348355,23.07932464,13537.2296
OAT_P,135,59.7531,35,20,5152.822269,0.404024704,23.36186843,13619.25085
OAT_P,135,40.7136,35,20,5097.482153,0.384986221,23.08848411,13539.88856
OAT_P,135,48.4505,35,20,5119.970188,0.392722707,23.19957669,13572.13825
OAT_P,135,59.2537,35,20,5151.370715,0.40352533,23.35469765,13617.1692
OAT_P,135,59.256,35,20,5151.3774,0.40352763,23.35473067,13617.17879
OAT_P,135,52.4394,35,20,5131.564305,0.396711394,23.2568525,13588.76517
OAT_P,135,50.7243,35,20,5126.579204,0.394996386,23.23222572,13581.61613
OAT_P,135,56.737,35,20,5144.055688,0.401008765,23.31856086,13606.67885
OAT_P,135,58.5335,35,20,5149.277386,0.402805169,23.34435644,13614.16719
OAT_P,135,44.3512,35,20,5108.055183,0.388623626,23.14071567,13555.05115
OAT_P,135,51.4222,35,20,5128.607716,0.395694249,23.24224673,13584.52518
OAT_P,135,45.47,35,20,5111.307082,0.389742367,23.1567803,13559.71464
OAT_P,135,50.1527,35,20,5124.917794,0.394424817,23.22401824,13579.23353
OAT_P,135,51.1461,35,20,5127.805206,0.395418163,23.23828226,13583.37431
OAT_P,135,42.8146,35,20,5103.588909,0.387087109,23.11865195,13548.64615
OAT_P,135,50.1303,35,20,5124.852686,0.394402418,23.2236966,13579.14016
OAT_P,135,41.3658,35,20,5099.377834,0.385638386,23.09784892,13542.60712
OAT_P,135,54.9603,35,20,5138.89154,0.39923216,23.29304959,13599.27303
OAT_P,135,47.0762,35,20,5115.975654,0.391348481,23.1798434,13566.40976
OAT_P,135,52.2335,35,20,5130.965837,0.396505505,23.25389602,13587.90692
OAT_P,135,55.8898,35,20,5141.59322,0.40016161,23.30639609,13603.14746
OAT_P,135,40.76,35,20,5097.617019,0.385032618,23.08915036,13540.08197
OAT_P,135,59.8309,35,20,5153.048402,0.404102499,23.36298554,13619.57514
OAT_P,135,48.9799,35,20,5121.508939,0.393252079,23.20717824,13574.34495
OAT_P,135,40.7603,35,20,5097.617891,0.385032918,23.08915467,13540.08322
OAT_P,135,42.3362,35,20,5102.198394,0.386608734,23.1117827,13546.65204
OAT_P,135,51.5095,35,20,5128.861462,0.395781544,23.24350025,13584.88907
OAT_P,135,55.0265,35,20,5139.083957,0.399298356,23.29400014,13599.54897
OAT_P,135,50.6379,35,20,5126.328074,0.394909991,23.23098512,13581.25599
OAT_P,135,41.2041,35,20,5098.907838,0.385476695,23.0955271,13541.93311
OAT_P,135,46.3018,35,20,5113.724787,0.390574122,23.16872394,13563.18183
OAT_P,135,46.3666,35,20,5113.913135,0.390638919,23.16965439,13563.45194
OAT_P,135,54.1563,35,20,5136.554638,0.398428203,23.28150511,13595.92172
OAT_P,135,41.3389,35,20,5099.299647,0.385611487,23.09746267,13542.49499
OAT_P,135,58.9618,35,20,5150.52228,0.403233446,23.35050631,13615.95247
OAT_P,135,55.2923,35,20,5139.85653,0.399564142,23.29781671,13600.65691
OAT_P,135,42.82,35,20,5103.604605,0.387092508,23.11872948,13548.66866
OAT_P,135,42.9862,35,20,5104.087681,0.387258699,23.12111592,13549.36143
OAT_P,135,56.572,35,20,5143.576099,0.400843774,23.31619166,13605.99108
OAT_P,135,59.0152,35,20,5150.677492,0.403286843,23.35127307,13616.17506
OAT_P,135,46.9957,35,20,5115.741674,0.391267985,23.17868751,13566.07421
OAT_P,135,45.4055,35,20,5111.119606,0.38967787,23.15585415,13559.44579
OAT_P,135,49.991,35,20,5124.447798,0.394263125,23.22169642,13578.55951
OAT_P,135,42.965,35,20,5104.026061,0.387237501,23.12081151,13549.27306
OAT_P,135,40.1817,35,20,5095.936135,0.384454349,23.08084667,13537.67144
OAT_P,135,59.7067,35,20,5152.687403,0.403978306,23.36120218,13619.05744
OAT_P,135,58.4544,35,20,5149.047474,0.402726073,23.34322066,13613.83748
OAT_P,135,59.6795,35,20,5152.608343,0.403951108,23.36081162,13618.94406
OAT_P,135,41.1374,35,20,5098.713968,0.385409998,23.09456937,13541.65508
OAT_P,135,44.3742,35,20,5108.122035,0.388646625,23.14104593,13555.14702
OAT_P,135,40.2273,35,20,5096.068676,0.384499947,23.08150143,13537.86151
OAT_P,135,46.5363,35,20,5114.406384,0.39080861,23.17209108,13564.1593
OAT_P,135,41.1653,35,20,5098.795062,0.385437897,23.09496998,13541.77138
OAT_P,135,40.9507,35,20,5098.171307,0.385223308,23.09188859,13540.87686
OAT_P,135,58.9316,35,20,5150.434501,0.403203247,23.35007268,13615.82659
OAT_P,135,44.709,35,20,5109.095163,0.388981407,23.14585325,13556.54257
OAT_P,135,46.4801,35,20,5114.243033,0.390752413,23.17128412,13563.92504
OAT_P,135,51.1023,35,20,5127.677897,0.395374366,23.23765335,13583.19174
OAT_P,135,52.5271,35,20,5131.819213,0.39679909,23.25811176,13589.13073
OAT_P,135,44.3809,35,20,5108.141509,0.388653325,23.14114213,13555.17495
OAT_P,135,49.4792,35,20,5122.960202,0.393751352,23.21434759,13576.42618
OAT_P,135,43.7974,35,20,5106.445511,0.388069856,23.13276377,13552.74275
OAT_P,135,54.04,35,20,5136.216601,0.398311909,23.27983519,13595.43695
OAT_P,135,52.8172,35,20,5132.662416,0.397089174,23.26227725,13590.33996
OAT_P,135,40.6837,35,20,5097.395246,0.384956322,23.08805479,13539.76392
OAT_P,135,55.8118,35,20,5141.366506,0.400083614,23.3052761,13602.82234
OAT_P,135,49.7461,35,20,5123.735972,0.394018238,23.21817995,13577.5387
OAT_P,135,57.3038,35,20,5145.703146,0.401575534,23.32669943,13609.04144
OAT_P,135,55.0591,35,20,5139.178712,0.399330954,23.29446824,13599.68486
OAT_P,135,43.6624,35,20,5106.05312,0.387934863,23.13082534,13552.18003
OAT_P,135,42.0887,35,20,5101.479012,0.386361247,23.1082289,13545.62038
OAT_P,135,56.8497,35,20,5144.383261,0.401121459,23.3201791,13607.14861
OAT_P,135,48.2851,35,20,5119.489437,0.392557316,23.19720175,13571.44882
OAT_P,135,43.82,35,20,5106.5112,0.388092455,23.13308828,13552.83695
OAT_P,135,49.1643,35,20,5122.044916,0.393436469,23.209826,13575.11358
OAT_P,135,47.8727,35,20,5118.290757,0.392144938,23.19128018,13569.72981
OAT_P,135,40.5914,35,20,5097.126967,0.384864027,23.08672947,13539.37919
OAT_P,135,41.2835,35,20,5099.138621,0.38555609,23.09666719,13542.26407
OAT_P,135,50.1875,35,20,5125.018944,0.394459615,23.22451792,13579.37858
OAT_P,135,45.5445,35,20,5111.523623,0.389816863,23.15785003,13560.02518
OAT_P,135,53.7042,35,20,5135.240566,0.397976127,23.2750135,13594.03723
OAT_P,135,40.4352,35,20,5096.672957,0.384707836,23.08448663,13538.7281
OAT_P,135,58.0254,35,20,5147.800545,0.402297096,23.33706074,13612.04928
OAT_P,135,40.4812,35,20,5096.80666,0.384753833,23.08514713,13538.91984
OAT_P,135,53.7441,35,20,5135.356539,0.398016025,23.27558642,13594.20355
OAT_P,135,47.8769,35,20,5118.302965,0.392149138,23.19134048,13569.74732
OAT_P,135,55.9257,35,20,5141.697567,0.400197508,23.30691157,13603.29711
OAT_P,135,45.8432,35,20,5112.391823,0.390115547,23.162139,13561.27025
OAT_P,135,57.1386,35,20,5145.222976,0.401410343,23.32432735,13608.35283
OAT_P,135,54.4361,35,20,5137.367903,0.398707988,23.28552271,13597.08801
OAT_P,135,50.3752,35,20,5125.564511,0.394647305,23.22721307,13580.16097
OAT_P,135,46.1148,35,20,5113.181254,0.390387132,23.16603885,13562.40236
OAT_P,135,57.44,35,20,5146.099024,0.401711727,23.3286551,13609.60916
OAT_P,135,48.0734,35,20,5118.874111,0.392345628,23.19416199,13570.56639
OAT_P,135,54.5306,35,20,5137.642576,0.398802483,23.28687961,13597.48192
OAT_P,135,42.2317,35,20,5101.894655,0.38650424,23.1102822,13546.21645
OAT_P,135,48.2439,35,20,5119.369685,0.392516118,23.19661016,13571.27708
OAT_P,135,46.2265,35,20,5113.505921,0.390498826,23.16764273,13562.86796
OAT_P,135,49.9044,35,20,5124.196086,0.39417653,23.22045295,13578.19854
OAT_P,135,45.3086,35,20,5110.837957,0.389580975,23.15446279,13559.04188
OAT_P,135,46.6429,35,20,5114.716227,0.390915204,23.17362173,13564.60364
OAT_P,135,58.8418,35,20,5150.173489,0.403113452,23.34878326,13615.45228
OAT_P,135,46.5388,35,20,5114.41365,0.39081111,23.17212698,13564.16972
OAT_P,135,43.9625,35,20,5106.92539,0.388234947,23.13513441,13553.43094
OAT_P,135,44.6675,35,20,5108.974539,0.38893991,23.14525736,13556.36959
OAT_P,135,43.058,35,20,5104.296374,0.387330496,23.12214688,13549.66071
OAT_P,135,58.0439,35,20,5147.854317,0.402315595,23.33732637,13612.12639
OAT_P,135,53.8806,35,20,5135.75329,0.398152517,23.27754639,13594.77252
OAT_P,135,55.9193,35,20,5141.678965,0.400191108,23.30681967,13603.27043
OAT_P,135,41.8694,35,20,5100.841596,0.386141959,23.10508001,13544.70627
OAT_P,135,56.7199,35,20,5144.005985,0.400991666,23.31831533,13606.60757
OAT_P,135,51.1347,35,20,5127.77207,0.395406764,23.23811857,13583.3268
OAT_P,135,47.9373,35,20,5118.478523,0.392209535,23.19220776,13569.99908
OAT_P,135,59.2839,35,20,5151.458494,0.403555529,23.35513128,13617.29508
OAT_K,135,50,38.2108,20,5134.158822,0.396451299,23.261651,13587.1736
OAT_K,135,50,39.8514,20,5139.10743,0.397564777,23.28200029,13591.55591
OAT_K,135,50,37.4876,20,5131.977405,0.395960463,23.25268075,13585.24182
OAT_K,135,50,30.53,20,5110.990917,0.391238329,23.16638173,13566.65693
OAT_K,135,50,37.3629,20,5131.601267,0.395875828,23.25113402,13584.90872
OAT_K,135,50,39.9677,20,5139.45823,0.39764371,23.28344282,13591.86657
OAT_K,135,50,31.9425,20,5115.251497,0.392196995,23.18390176,13570.42995
OAT_K,135,50,30.8816,20,5112.051462,0.39147696,23.17074282,13567.59611
OAT_K,135,50,31.7942,20,5114.804174,0.392096343,23.18206231,13570.03381
OAT_K,135,50,32.7382,20,5117.651599,0.392737038,23.19377127,13572.55539
OAT_K,135,50,35.7169,20,5126.636371,0.394758686,23.23071776,13580.51199
OAT_K,135,50,37.7476,20,5132.761653,0.396136925,23.25590567,13585.93632
OAT_K,135,50,39.4552,20,5137.912356,0.397295876,23.27708599,13590.4976
OAT_K,135,50,35.7294,20,5126.674075,0.39476717,23.2308728,13580.54538
OAT_K,135,50,38.0728,20,5133.742567,0.396357639,23.25993931,13586.80498
OAT_K,135,50,30.0613,20,5109.577158,0.390920222,23.16056818,13565.40495
OAT_K,135,50,30.6531,20,5111.362228,0.391321877,23.16790861,13566.98575
OAT_K,135,50,31.5859,20,5114.17587,0.39195497,23.17947865,13569.47741
OAT_K,135,50,36.402,20,5128.702866,0.395223664,23.23921544,13582.342
OAT_K,135,50,35.5553,20,5126.148931,0.394649008,23.22871334,13580.08033
OAT_K,135,50,35.5151,20,5126.027674,0.394621724,23.22821472,13579.97295
OAT_K,135,50,34.5652,20,5123.162452,0.393977025,23.21643258,13577.43561
OAT_K,135,50,33.943,20,5121.285685,0.393554737,23.20871508,13575.77361
OAT_K,135,50,37.8873,20,5133.183036,0.39623174,23.25763845,13586.30948
OAT_K,135,50,32.636,20,5117.343329,0.392667674,23.19250363,13572.2824
OAT_K,135,50,33.8954,20,5121.142108,0.393522431,23.20812467,13575.64646
OAT_K,135,50,32.3945,20,5116.614883,0.392503768,23.18950817,13571.63731
OAT_K,135,50,32.6712,20,5117.449504,0.392691565,23.19294023,13572.37642
OAT_K,135,50,31.8858,20,5115.080471,0.392158512,23.18319848,13570.27849
OAT_K,135,50,33.0593,20,5118.620146,0.392954969,23.19775405,13573.4131
OAT_K,135,50,38.3509,20,5134.581411,0.396546386,23.26338874,13587.54783
OAT_K,135,50,37.9388,20,5133.338377,0.396266693,23.25827723,13586.44704
OAT_K,135,50,39.3756,20,5137.672255,0.397241851,23.27609867,13590.28497
OAT_K,135,50,36.6643,20,5129.494052,0.395401688,23.24246889,13583.04265
OAT_K,135,50,35.7234,20,5126.655977,0.394763097,23.23079838,13580.52935
OAT_K,135,50,34.4961,20,5122.954023,0.393930127,23.21557549,13577.25103
OAT_K,135,50,38.5163,20,5135.080314,0.396658643,23.26544029,13587.98964
OAT_K,135,50,37.4007,20,5131.715285,0.395901483,23.25160288,13585.00969
OAT_K,135,50,33.6331,20,5120.350922,0.393344408,23.20487122,13574.94582
OAT_K,135,50,37.2666,20,5131.310794,0.395810469,23.24993956,13584.65149
OAT_K,135,50,36.0183,20,5127.545496,0.394963246,23.23445619,13581.31707
OAT_K,135,50,30.3078,20,5110.320686,0.391087522,23.16362566,13566.0634
OAT_K,135,50,31.0648,20,5112.604055,0.391601299,23.17301515,13568.08547
OAT_K,135,50,34.9681,20,5124.377736,0.394250474,23.22142997,13578.51182
OAT_K,135,50,35.928,20,5127.273121,0.39490196,23.23333615,13581.07587
OAT_K,135,50,32.1013,20,5115.730492,0.392304773,23.18587144,13570.85413
OAT_K,135,50,35.5915,20,5126.258122,0.394673577,23.22916235,13580.17702
OAT_K,135,50,33.6015,20,5120.255605,0.393322961,23.20447927,13574.86141
OAT_K,135,50,34.815,20,5123.915934,0.394146565,23.21953099,13578.10286
OAT_K,135,50,35.3123,20,5125.41596,0.394484083,23.22569928,13579.43123
OAT_K,135,50,32.3848,20,5116.585624,0.392497185,23.18938785,13571.6114
OAT_K,135,50,35.6989,20,5126.582077,0.394746469,23.2304945,13580.46391
OAT_K,135,50,34.2528,20,5122.220148,0.393764999,23.21255771,13576.60114
OAT_K,135,50,34.3365,20,5122.472615,0.393821806,23.21359588,13576.82471
OAT_K,135,50,35.3319,20,5125.47508,0.394497386,23.22594239,13579.48359
OAT_K,135,50,33.1724,20,5118.961294,0.39303173,23.1991569,13573.71521
OAT_K,135,50,35.8525,20,5127.045387,0.394850718,23.23239968,13580.8742
OAT_K,135,50,38.1123,20,5133.861712,0.396384447,23.26042925,13586.91049
OAT_K,135,50,38.4086,20,5134.755454,0.396585547,23.26410443,13587.70196
OAT_K,135,50,38.1052,20,5133.840296,0.396379629,23.26034119,13586.89153
OAT_K,135,50,30.6234,20,5111.272643,0.39130172,23.16754022,13566.90642
OAT_K,135,50,33.5428,20,5120.078546,0.393283121,23.20375118,13574.70461
OAT_K,135,50,33.7907,20,5120.826297,0.393451371,23.20682602,13575.36679
OAT_K,135,50,30.7019,20,5111.509425,0.391354998,23.1685139,13567.1161
OAT_K,135,50,38.185,20,5134.081,0.396433789,23.26133099,13587.10468
OAT_K,135,50,38.5126,20,5135.069153,0.396656132,23.2653944,13587.97976
OAT_K,135,50,37.9045,20,5133.234917,0.396243413,23.25785179,13586.35542
OAT_K,135,50,38.2334,20,5134.226991,0.396466638,23.26193132,13587.23397
OAT_K,135,50,32.8749,20,5118.063933,0.392829816,23.19546684,13572.92054
OAT_K,135,50,34.3406,20,5122.484982,0.393824589,23.21364674,13576.83566
OAT_K,135,50,39.6264,20,5138.428753,0.397412069,23.27920948,13590.9549
OAT_K,135,50,36.9996,20,5130.505431,0.395629256,23.24662781,13583.93829
OAT_K,135,50,35.5271,20,5126.06387,0.394629868,23.22836356,13580.005
OAT_K,135,50,31.9686,20,5115.330223,0.392214709,23.18422549,13570.49966
OAT_K,135,50,33.8791,20,5121.092941,0.393511368,23.20792249,13575.60292
OAT_K,135,50,39.7849,20,5138.906843,0.397519643,23.28117545,13591.37828
OAT_K,135,50,37.0957,20,5130.795301,0.395694479,23.24781979,13584.19499
OAT_K,135,50,33.8704,20,5121.066699,0.393505463,23.20781458,13575.57968
OAT_K,135,50,30.9116,20,5112.141952,0.391497321,23.17111493,13567.67624
OAT_K,135,50,33.553,20,5120.109313,0.393290044,23.20387769,13574.73186
OAT_K,135,50,34.0957,20,5121.746281,0.393658375,23.21060911,13576.1815
OAT_K,135,50,37.8009,20,5132.922424,0.3961731,23.25656678,13586.07869
OAT_K,135,50,39.7163,20,5138.699922,0.397473085,23.28032456,13591.19504
OAT_K,135,50,30.9888,20,5112.374813,0.391549717,23.17207248,13567.88246
OAT_K,135,50,37.9007,20,5133.223455,0.396240834,23.25780466,13586.34527
OAT_K,135,50,38.853,20,5136.095916,0.396887162,23.26961657,13588.88902
OAT_K,135,50,37.6975,20,5132.610535,0.396102922,23.25528425,13585.80249
OAT_K,135,50,34.0656,20,5121.655489,0.393637946,23.21023576,13576.10109
OAT_K,135,50,34.3918,20,5122.639419,0.393859338,23.2142818,13576.97243
OAT_K,135,50,34.0571,20,5121.62985,0.393632177,23.21013033,13576.07839
OAT_K,135,50,34.7627,20,5123.758179,0.394111069,23.21888228,13577.96316
OAT_K,135,50,31.1835,20,5112.962095,0.39168186,23.17448745,13568.40253
OAT_K,135,50,30.1576,20,5109.867631,0.390985581,23.16176264,13565.66219
OAT_K,135,50,34.8881,20,5124.136429,0.394196178,23.22043769,13578.29813
OAT_K,135,50,37.0947,20,5130.792285,0.395693801,23.24780739,13584.19231
OAT_K,135,50,30.7473,20,5111.646367,0.391385811,23.16907702,13567.23737
OAT_K,135,50,39.6574,20,5138.52226,0.397433109,23.27959399,13591.03771
OAT_K,135,50,31.3764,20,5113.543947,0.391812782,23.1768801,13568.9178
OAT_K,135,50,35.0481,20,5124.619043,0.39430477,23.22242226,13578.72551
OAT_K,135,50,34.5274,20,5123.048435,0.39395137,23.21596372,13577.33464
OAT_K,135,50,33.231,20,5119.138051,0.393071502,23.19988375,13573.87174
OAT_K,135,50,37.9986,20,5133.518755,0.396307279,23.25901897,13586.60678
OAT_K,135,50,37.0188,20,5130.563344,0.395642287,23.24686596,13583.98957
OAT_K,135,50,33.6668,20,5120.452572,0.39336728,23.20528922,13575.03583
OAT_K,135,50,37.0276,20,5130.589888,0.39564826,23.24697511,13584.01308
OAT_K,135,50,39.6365,20,5138.459218,0.397418924,23.27933476,13590.98188
OAT_K,135,50,39.3862,20,5137.704228,0.397249045,23.27623015,13590.31329
OAT_K,135,50,37.945,20,5133.357079,0.396270901,23.25835414,13586.46361
OAT_K,135,50,32.3324,20,5116.427568,0.392461621,23.18873791,13571.47143
OAT_K,135,50,34.7114,20,5123.603441,0.394076251,23.21824598,13577.82613
OAT_K,135,50,31.6597,20,5114.398476,0.392005058,23.18039403,13569.67454
OAT_K,135,50,35.2118,20,5125.112818,0.394415874,23.22445272,13579.16278
OAT_K,135,50,33.275,20,5119.27077,0.393101365,23.2004295,13573.98927
OAT_K,135,50,37.8938,20,5133.202642,0.396236151,23.25771907,13586.32684
OAT_K,135,50,31.9241,20,5115.195996,0.392184507,23.18367353,13570.3808
OAT_K,135,50,32.3238,20,5116.401627,0.392455784,23.18863124,13571.44846
OAT_K,135,50,34.8331,20,5123.97053,0.394158849,23.21975549,13578.15121
OAT_K,135,50,31.8186,20,5114.877772,0.392112904,23.18236496,13570.09899
OAT_K,135,50,38.0313,20,5133.617389,0.396329473,23.25942456,13586.69413
OAT_K,135,50,38.6963,20,5135.623255,0.396780809,23.26767293,13588.47045
OAT_K,135,50,35.9069,20,5127.209476,0.394887639,23.23307444,13581.01951
OAT_K,135,50,37.9338,20,5133.323296,0.396263299,23.25821522,13586.43369
OAT_K,135,50,32.8105,20,5117.86968,0.392786108,23.19466805,13572.74852
OAT_K,135,50,36.8221,20,5129.97003,0.395508787,23.24442618,13583.46416
OAT_K,135,50,37.652,20,5132.473291,0.396072041,23.25471989,13585.68095
OAT_K,135,50,37.2667,20,5131.311095,0.395810537,23.2499408,13584.65176
OAT_K,135,50,32.4774,20,5116.864937,0.392560032,23.19053642,13571.85875
OAT_K,135,50,35.9439,20,5127.32108,0.394912751,23.23353337,13581.11834
OAT_K,135,50,30.5401,20,5111.021382,0.391245184,23.166507,13566.68391
OAT_K,135,50,30.5665,20,5111.101013,0.391263102,23.16683446,13566.75443
OAT_K,135,50,30.5008,20,5110.902839,0.391218511,23.16601954,13566.57893
OAT_K,135,50,31.5495,20,5114.066075,0.391930265,23.17902716,13569.38018
OAT_K,135,50,34.5032,20,5122.975439,0.393934946,23.21566356,13577.27
OAT_K,135,50,34.4905,20,5122.937132,0.393926326,23.21550603,13577.23607
OAT_K,135,50,32.0244,20,5115.498535,0.39225258,23.18491761,13570.64872
OAT_K,135,50,36.907,20,5130.226118,0.395566408,23.24547924,13583.69094
OAT_K,135,50,32.4176,20,5116.68456,0.392519446,23.18979469,13571.69902
OAT_K,135,50,39.0947,20,5136.824965,0.397051204,23.27261451,13589.53464
OAT_K,135,50,37.8099,20,5132.949571,0.396179208,23.25667841,13586.10273
OAT_K,135,50,31.5248,20,5113.991572,0.391913501,23.17872079,13569.3142
OAT_K,135,50,31.8138,20,5114.863294,0.392109646,23.18230542,13570.08617
OAT_K,135,50,32.6669,20,5117.436534,0.392688646,23.1928869,13572.36494
OAT_K,135,50,36.9307,20,5130.297605,0.395582494,23.2457732,13583.75424
OAT_K,135,50,35.5613,20,5126.167029,0.39465308,23.22878777,13580.09635
OAT_K,135,50,39.0317,20,5136.634936,0.397008446,23.27183309,13589.36636
OAT_K,135,50,30.7927,20,5111.783309,0.391416624,23.16964014,13567.35864
OAT_K,135,50,33.3666,20,5119.547067,0.393163534,23.20156567,13574.23395
OAT_K,135,50,39.7908,20,5138.924639,0.397523648,23.28124863,13591.39404
OAT_K,135,50,30.5926,20,5111.179739,0.391280816,23.16715819,13566.82414
OAT_K,135,50,34.9309,20,5124.265528,0.394225226,23.22096856,13578.41245
OAT_K,135,50,33.4689,20,5119.855639,0.393232965,23.20283455,13574.50721
OAT_K,135,50,33.4042,20,5119.660481,0.393189053,23.20203204,13574.33439
OAT_K,135,50,35.9886,20,5127.455911,0.394943089,23.23408781,13581.23774
OAT_K,135,50,30.3288,20,5110.384029,0.391101774,23.16388613,13566.11949
OAT_K,135,50,32.9894,20,5118.409303,0.392907527,23.19688705,13573.22639
OAT_K,135,50,32.4074,20,5116.653794,0.392512523,23.18966817,13571.67177
OAT_K,135,50,35.2428,20,5125.206324,0.394436913,23.22483723,13579.24559
OAT_K,135,50,30.2333,20,5110.095968,0.391036958,23.16270159,13565.86439
OAT_K,135,50,35.7272,20,5126.66744,0.394765676,23.23084552,13580.5395
OAT_K,135,50,37.0014,20,5130.51086,0.395630478,23.24665013,13583.9431
OAT_K,135,50,32.8852,20,5118.095001,0.392836807,23.19559459,13572.94805
OAT_K,135,50,30.8127,20,5111.843636,0.391430198,23.16988821,13567.41207
OAT_K,135,50,39.5436,20,5138.179,0.397355873,23.27818247,13590.73373
OAT_K,135,50,30.1412,20,5109.818163,0.39097445,23.16155922,13565.61838
OAT_K,135,50,33.1629,20,5118.932638,0.393025282,23.19903906,13573.68983
OAT_K,135,50,35.585,20,5126.238516,0.394669165,23.22908173,13580.15966
OAT_K,135,50,39.1269,20,5136.922091,0.397073058,23.2730139,13589.62065
OAT_K,135,50,30.4224,20,5110.666358,0.391165301,23.1650471,13566.36951
OAT_K,135,50,32.2443,20,5116.161828,0.392401827,23.18764515,13571.2361
OAT_K,135,50,37.9444,20,5133.355269,0.396270493,23.25834669,13586.462
OAT_K,135,50,38.7819,20,5135.881454,0.396838906,23.26873468,13588.6991
OAT_K,135,50,30.5755,20,5111.12816,0.39126921,23.16694609,13566.77847
OAT_K,135,50,39.9919,20,5139.531225,0.397660135,23.28374299,13591.93121
OAT_K,135,50,33.1731,20,5118.963405,0.393032205,23.19916558,13573.71708
OAT_K,135,50,34.3635,20,5122.554056,0.393840131,23.21393078,13576.89683
OAT_K,135,50,34.7131,20,5123.608569,0.394077405,23.21826706,13577.83067
OAT_K,135,50,38.9906,20,5136.510964,0.396980551,23.2713233,13589.25657
OAT_K,135,50,30.3493,20,5110.445864,0.391115688,23.1641404,13566.17425
OAT_K,135,50,33.1955,20,5119.030971,0.393047408,23.19944342,13573.77691
OAT_K,135,50,33.2195,20,5119.103363,0.393063697,23.19974111,13573.84102
OAT_K,135,50,34.2468,20,5122.20205,0.393760927,23.21248328,13576.58511
OAT_K,135,50,35.1576,20,5124.949332,0.394379088,23.22378045,13579.018
OAT_K,135,50,35.6393,20,5126.402303,0.394706019,23.22975524,13580.3047
OAT_K,135,50,39.5252,20,5138.123499,0.397343385,23.27795424,13590.68458
OAT_K,135,50,39.4122,20,5137.782653,0.397266691,23.27655264,13590.38274
OAT_K,135,50,37.0003,20,5130.507542,0.395629731,23.24663649,13583.94016
OAT_K,135,50,30.6234,20,5111.272643,0.39130172,23.16754022,13566.90642
OAT_K,135,50,36.288,20,5128.359003,0.395146292,23.23780143,13582.03749
OAT_K,135,50,32.9819,20,5118.386681,0.392902437,23.19679402,13573.20635
OAT_K,135,50,33.0308,20,5118.53418,0.392935626,23.19740055,13573.33697
OAT_K,135,50,32.4507,20,5116.784401,0.392541911,23.19020525,13571.78743
OAT_K,135,50,32.2419,20,5116.154589,0.392400198,23.18761538,13571.22969
OAT_K,135,50,39.5206,20,5138.109624,0.397340263,23.27789719,13590.67229
OAT_K,135,50,36.0808,20,5127.734017,0.395005665,23.23523142,13581.48402
OAT_K,135,50,38.3367,20,5134.538579,0.396536748,23.26321261,13587.5099
OAT_K,135,50,39.4921,20,5138.023659,0.39732092,23.27754369,13590.59616
OAT_K,135,50,32.4887,20,5116.899022,0.392567702,23.19067658,13571.88894
OAT_K,135,50,37.8248,20,5132.994515,0.396189321,23.25686323,13586.14253
OAT_K,135,50,39.148,20,5136.985736,0.397087378,23.27327562,13589.67701
OAT_K,135,50,31.6133,20,5114.258518,0.391973566,23.17981851,13569.5506
OAT_Zn,135,50,35,25.8884,5129.051002,0.396981903,23.25981713,17187.6908
OAT_Zn,135,50,35,15.6175,5121.067446,0.392255345,23.19355011,10892.49326
OAT_Zn,135,50,35,11.0985,5117.554833,0.39017575,23.16439389,8122.72647
OAT_Zn,135,50,35,23.9568,5127.549572,0.396093002,23.2473546,16003.78252
OAT_Zn,135,50,35,26.1925,5129.287379,0.397121847,23.26177915,17374.07851
OAT_Zn,135,50,35,18.5223,5123.325343,0.393592103,23.21229165,12672.89126
OAT_Zn,135,50,35,29.1118,5131.556546,0.398465277,23.28061424,19163.36379
OAT_Zn,135,50,35,10.4196,5117.027125,0.389863327,23.16001368,7706.61789
OAT_Zn,135,50,35,18.2946,5123.148352,0.393487318,23.21082254,12533.33032
OAT_Zn,135,50,35,25.8846,5129.048048,0.396980155,23.25979261,17185.36172
OAT_Zn,135,50,35,14.8041,5120.435191,0.391881027,23.18830212,10393.94749
OAT_Zn,135,50,35,25.0319,5128.385246,0.396587751,23.25429106,16662.72836
OAT_Zn,135,50,35,14.075,5119.868463,0.391545503,23.18359803,9947.070538
OAT_Zn,135,50,35,25.0591,5128.406388,0.396600268,23.25446655,16679.39967
OAT_Zn,135,50,35,10.9593,5117.446633,0.390111691,23.16349578,8037.408581
OAT_Zn,135,50,35,12.7276,5118.821131,0.390925444,23.17490471,9121.227703
OAT_Zn,135,50,35,10.3438,5116.968206,0.389828445,23.15952463,7660.158867
OAT_Zn,135,50,35,17.1574,5122.264408,0.392963991,23.20348542,11836.3224
OAT_Zn,135,50,35,29.5951,5131.932215,0.398687687,23.28373245,19459.58603
OAT_Zn,135,50,35,28.9809,5131.454798,0.398405039,23.27976968,19083.13311
OAT_Zn,135,50,35,25.4047,5128.675023,0.39675931,23.25669633,16891.2234
OAT_Zn,135,50,35,17.7102,5122.694099,0.393218383,23.20705204,12175.14228
OAT_Zn,135,50,35,26.8501,5129.79853,0.397424467,23.26602194,17777.13199
OAT_Zn,135,50,35,13.1022,5119.112307,0.391097831,23.1773216,9350.825985
OAT_Zn,135,50,35,21.1501,5125.367928,0.394801388,23.229246,14283.51156
OAT_Zn,135,50,35,23.3594,5127.085214,0.395818085,23.24350022,15637.62658
OAT_Zn,135,50,35,19.76,5124.287405,0.394161679,23.22027719,13431.49722
OAT_Zn,135,50,35,15.7809,5121.194456,0.39233054,23.19460436,10992.64371
OAT_Zn,135,50,35,29.0596,5131.515971,0.398441255,23.28027745,19131.36959
OAT_Zn,135,50,35,12.6982,5118.798278,0.390911915,23.17471503,9103.207977
OAT_Zn,135,50,35,29.888,5132.159886,0.398822476,23.28562222,19639.10909
OAT_Zn,135,50,35,13.9137,5119.743084,0.391471275,23.18255733,9848.207209
OAT_Zn,135,50,35,16.4941,5121.748826,0.392658747,23.19920586,11429.7753
OAT_Zn,135,50,35,28.9815,5131.455264,0.398405315,23.27977356,19083.50086
OAT_Zn,135,50,35,29.5076,5131.864201,0.39864742,23.28316791,19405.95589
OAT_Zn,135,50,35,10.0494,5116.739369,0.389692965,23.15762518,7479.716437
OAT_Zn,135,50,35,29.9946,5132.242746,0.398871532,23.28630999,19704.44592
OAT_Zn,135,50,35,25.88,5129.044473,0.396978038,23.25976293,17182.54231
OAT_Zn,135,50,35,24.1802,5127.723221,0.396195808,23.24879596,16140.70792
OAT_Zn,135,50,35,21.4474,5125.599019,0.394938203,23.23116415,14465.73145
OAT_Zn,135,50,35,17.8579,5122.808906,0.393286353,23.20800499,12265.66996
OAT_Zn,135,50,35,15.7537,5121.173314,0.392318023,23.19442886,10975.9724
OAT_Zn,135,50,35,22.7013,5126.573674,0.395515234,23.23925422,15234.26665
OAT_Zn,135,50,35,10.4088,5117.018731,0.389858357,23.159944,7699.998399
OAT_Zn,135,50,35,21.4015,5125.563341,0.39491708,23.23086801,14437.59861
OAT_Zn,135,50,35,20.7866,5125.08538,0.39463411,23.22690073,14060.71665
OAT_Zn,135,50,35,15.8645,5121.259439,0.392369012,23.19514374,11043.88348
OAT_Zn,135,50,35,20.2553,5124.672401,0.394389611,23.22347282,13735.07445
OAT_Zn,135,50,35,20.2566,5124.673412,0.394390209,23.22348121,13735.87124
OAT_Zn,135,50,35,23.8468,5127.464069,0.396042381,23.24664489,15936.36177
OAT_Zn,135,50,35,13.1735,5119.167728,0.391130643,23.17778162,9394.526887
OAT_Zn,135,50,35,15.9034,5121.289675,0.392386913,23.19539472,11067.7259
OAT_Zn,135,50,35,19.9886,5124.465096,0.394266879,23.22175209,13571.60979
OAT_Zn,135,50,35,11.8316,5118.124671,0.390513115,23.16912379,8572.055089
OAT_Zn,135,50,35,26.4994,5129.525932,0.397263079,23.26375925,17562.18239
OAT_Zn,135,50,35,14.3642,5120.093257,0.39167859,23.18546392,10124.32581
OAT_Zn,135,50,35,22.6342,5126.521517,0.395484355,23.23882129,15193.14
OAT_Zn,135,50,35,15.6906,5121.124266,0.392288985,23.19402175,10937.29741
OAT_Zn,135,50,35,18.8681,5123.594133,0.393751236,23.21452272,12884.83756
OAT_Zn,135,50,35,23.0293,5126.828628,0.395666176,23.24137044,15435.30305
OAT_Zn,135,50,35,19.9202,5124.411929,0.394235402,23.22131078,13529.68634
OAT_Zn,135,50,35,27.0388,5129.945206,0.397511305,23.26723941,17892.78921
OAT_Zn,135,50,35,29.038,5131.499182,0.398431315,23.28013809,19118.1306
OAT_Zn,135,50,35,21.0374,5125.280327,0.394749525,23.22851887,14214.43595
OAT_Zn,135,50,35,20.1207,5124.567777,0.39432767,23.22260439,13652.57597
OAT_Zn,135,50,35,27.3636,5130.197673,0.397660774,23.269335,18091.86428
OAT_Zn,135,50,35,13.4233,5119.361897,0.391245598,23.17939331,9547.633269
OAT_Zn,135,50,35,15.705,5121.135459,0.392295612,23.19411466,10946.1234
OAT_Zn,135,50,35,26.9846,5129.903077,0.397486363,23.26688972,17859.56917
OAT_Zn,135,50,35,27.4898,5130.295768,0.39771885,23.27014923,18169.21426
OAT_Zn,135,50,35,21.9767,5126.010443,0.395181781,23.23457915,14790.14782
OAT_Zn,135,50,35,16.2873,5121.58808,0.39256358,23.19787161,11303.0243
OAT_Zn,135,50,35,28.5191,5131.095842,0.398192523,23.27679019,18800.08856
OAT_Zn,135,50,35,25.1286,5128.460411,0.396632251,23.25491496,16721.99733
OAT_Zn,135,50,35,26.6665,5129.655818,0.397339977,23.26483736,17664.60063
OAT_Zn,135,50,35,24.2212,5127.75509,0.396214676,23.24906049,16165.83747
OAT_Zn,135,50,35,19.2236,5123.870462,0.393914834,23.21681638,13102.72915
OAT_Zn,135,50,35,26.3937,5129.443771,0.397214437,23.26307728,17497.39719
OAT_Zn,135,50,35,27.2023,5130.072295,0.397586546,23.2682943,17993.00095
OAT_Zn,135,50,35,24.6984,5128.126017,0.396434278,23.25213934,16458.32092
OAT_Zn,135,50,35,10.4772,5117.071898,0.389889834,23.16038531,7741.921844
OAT_Zn,135,50,35,11.6578,5117.989576,0.390433134,23.16800245,8465.530312
OAT_Zn,135,50,35,21.6309,5125.741653,0.395022647,23.23234808,14578.20151
OAT_Zn,135,50,35,23.6437,5127.3062,0.395948916,23.2453345,15811.87856
OAT_Zn,135,50,35,22.1218,5126.123229,0.395248554,23.23551533,14879.08191
OAT_Zn,135,50,35,26.8952,5129.833586,0.397445222,23.26631292,17804.77449
OAT_Zn,135,50,35,19.7171,5124.254059,0.394141937,23.2200004,13405.20313
OAT_Zn,135,50,35,23.8267,5127.448446,0.396033131,23.2465152,15924.04216
OAT_Zn,135,50,35,14.5138,5120.209541,0.391747434,23.18642913,10216.01802
OAT_Zn,135,50,35,25.9935,5129.132696,0.397030269,23.26049522,17252.10826
OAT_Zn,135,50,35,28.2006,5130.848272,0.398045953,23.27473525,18604.87486
OAT_Zn,135,50,35,23.6997,5127.349729,0.395974687,23.24569581,15846.20185
OAT_Zn,135,50,35,14.7015,5120.35544,0.391833812,23.18764015,10331.06233
OAT_Zn,135,50,35,24.7006,5128.127727,0.39643529,23.25215354,16459.66934
OAT_Zn,135,50,35,13.578,5119.482145,0.391316789,23.18039142,9642.451353
OAT_Zn,135,50,35,27.0903,5129.985237,0.397535005,23.26757169,17924.35438
OAT_Zn,135,50,35,27.0312,5129.939299,0.397507808,23.26719038,17888.13105
OAT_Zn,135,50,35,19.2302,5123.875593,0.393917871,23.21685896,13106.7744
OAT_Zn,135,50,35,20.4378,5124.814258,0.394473596,23.2246503,13846.93159
OAT_Zn,135,50,35,28.9163,5131.404585,0.39837531,23.27935289,19043.53874
OAT_Zn,135,50,35,27.8389,5130.567123,0.397879502,23.27240159,18383.18319
OAT_Zn,135,50,35,14.7979,5120.430372,0.391878174,23.18826212,10390.14742
OAT_Zn,135,50,35,17.5515,5122.570741,0.393145351,23.20602812,12077.87254
OAT_Zn,135,50,35,18.6591,5123.431677,0.393655057,23.21317427,12756.73815
OAT_Zn,135,50,35,25.969,5129.113652,0.397018994,23.26033715,17237.09182
OAT_Zn,135,50,35,29.2009,5131.625804,0.39850628,23.28118911,19217.9746
OAT_Zn,135,50,35,11.7964,5118.09731,0.390496916,23.16889669,8550.480451
OAT_Zn,135,50,35,14.2229,5119.983425,0.391613565,23.18455227,10037.72079
OAT_Zn,135,50,35,15.5202,5120.991815,0.392210569,23.19292234,10832.85654
OAT_Zn,135,50,35,21.8408,5125.904808,0.395119241,23.23370234,14706.85255
OAT_Zn,135,50,35,28.9595,5131.438164,0.398395191,23.27963161,19070.01671
OAT_Zn,135,50,35,21.9905,5126.02117,0.395188131,23.23466819,14798.60606
OAT_Zn,135,50,35,13.9458,5119.768036,0.391486047,23.18276444,9867.881808
OAT_Zn,135,50,35,26.4731,5129.505489,0.397250976,23.26358956,17546.06271
OAT_Zn,135,50,35,18.2467,5123.111119,0.393465275,23.2105135,12503.97165
OAT_Zn,135,50,35,29.9508,5132.2087,0.398851376,23.2860274,19677.6002
OAT_Zn,135,50,35,26.2027,5129.295307,0.397126541,23.26184496,17380.33026
OAT_Zn,135,50,35,15.66,5121.100481,0.392274903,23.19382432,10918.54218
OAT_Zn,135,50,35,29.7989,5132.090628,0.398781473,23.28504735,19584.49828
OAT_Zn,135,50,35,21.4463,5125.598164,0.394937696,23.23115706,14465.05724
OAT_Zn,135,50,35,24.0855,5127.64961,0.396152228,23.24818496,16082.66479
OAT_Zn,135,50,35,21.3156,5125.496571,0.39487755,23.23031379,14384.94914
OAT_Zn,135,50,35,12.6969,5118.797267,0.390911316,23.17470664,9102.411186
OAT_Zn,135,50,35,24.2694,5127.792556,0.396236857,23.24937147,16195.38002
OAT_Zn,135,50,35,15.8932,5121.281747,0.392382219,23.19532891,11061.47416
OAT_Zn,135,50,35,12.5735,5118.701349,0.390854529,23.17391047,9026.777368
OAT_Zn,135,50,35,20.9468,5125.209903,0.394707832,23.22793432,14158.90577
OAT_Zn,135,50,35,29.5433,5131.891951,0.398663849,23.28339824,19427.83699
OAT_Zn,135,50,35,11.519,5117.881687,0.390369259,23.16710692,8380.45759
OAT_Zn,135,50,35,24.1629,5127.709773,0.396187847,23.24868434,16130.10448
OAT_Zn,135,50,35,28.3456,5130.96098,0.39811268,23.27567078,18693.74766
OAT_Zn,135,50,35,29.2201,5131.640728,0.398515116,23.28131298,19229.74258
OAT_Zn,135,50,35,14.3628,5120.092169,0.391677946,23.18545489,10123.46772
OAT_Zn,135,50,35,23.215,5126.972972,0.395751633,23.24256857,15549.12153
OAT_Zn,135,50,35,10.076,5116.760046,0.389705206,23.1577968,7496.019999
OAT_Zn,135,50,35,17.0634,5122.191342,0.392920733,23.20287894,11778.7083
OAT_Zn,135,50,35,27.2273,5130.091727,0.397598051,23.2684556,18008.32385
OAT_Zn,135,50,35,14.0763,5119.869473,0.391546101,23.18360642,9947.867328
OAT_Zn,135,50,35,25.4462,5128.707281,0.396778408,23.25696409,16916.65941
OAT_Zn,135,50,35,15.847,5121.245836,0.392360959,23.19503083,11033.15745
OAT_Zn,135,50,35,13.5656,5119.472507,0.391311083,23.18031142,9634.851197
OAT_Zn,135,50,35,10.6379,5117.19681,0.389963787,23.16142214,7840.417423
OAT_Zn,135,50,35,10.8089,5117.329728,0.390042479,23.16252542,7945.226036
OAT_Zn,135,50,35,11.1341,5117.582505,0.390192133,23.16462358,8144.546274
OAT_Zn,135,50,35,10.3786,5116.995256,0.38984446,23.15974915,7681.488339
OAT_Zn,135,50,35,29.9164,5132.181961,0.398835546,23.28580545,19656.5159
OAT_Zn,135,50,35,21.3277,5125.505976,0.394883118,23.23039186,14392.36542
OAT_Zn,135,50,35,22.5987,5126.493923,0.395468019,23.23859225,15171.38148
OAT_Zn,135,50,35,19.6079,5124.169178,0.394091684,23.21929585,13338.27272
OAT_Zn,135,50,35,19.4099,5124.015273,0.394000567,23.21801837,13216.91538
OAT_Zn,135,50,35,17.4443,5122.487415,0.393096019,23.20533648,12012.16796
OAT_Zn,135,50,35,27.5822,5130.367591,0.397761372,23.27074539,18225.84769
OAT_Zn,135,50,35,16.8558,5122.029975,0.392825198,23.20153952,11651.46697
OAT_Zn,135,50,35,15.2076,5120.748831,0.392066714,23.19090547,10641.25904
OAT_Zn,135,50,35,12.9038,5118.958091,0.39100653,23.17604154,9229.223478
OAT_Zn,135,50,35,14.4874,5120.189021,0.391735285,23.1862588,10199.83704
OAT_Zn,135,50,35,27.5606,5130.350801,0.397751432,23.27060602,18212.60871
OAT_Zn,135,50,35,22.9397,5126.758982,0.395624943,23.24079235,15380.38579
OAT_Zn,135,50,35,26.4685,5129.501913,0.397248859,23.26355988,17543.24329
OAT_Zn,135,50,35,28.9523,5131.432567,0.398391877,23.27958516,19065.60371
OAT_Zn,135,50,35,25.5083,5128.755551,0.396806985,23.25736475,16954.72148
OAT_Zn,135,50,35,17.8392,5122.79437,0.393277748,23.20788434,12254.20843
OAT_Zn,135,50,35,17.5757,5122.589552,0.393156488,23.20618426,12092.7051
OAT_Zn,135,50,35,25.3182,5128.607786,0.396719503,23.25613824,16838.20617
OAT_Zn,135,50,35,21.7326,5125.820705,0.395069449,23.23300424,14640.53505
OAT_Zn,135,50,35,25.2286,5128.53814,0.39667827,23.25556015,16783.28891
OAT_Zn,135,50,35,14.5985,5120.275379,0.391786412,23.18697561,10267.93199
OAT_Zn,135,50,35,24.438,5127.923608,0.396314445,23.25045926,16298.71763
OAT_Zn,135,50,35,10.2224,5116.873842,0.389772578,23.15874136,7585.750882
OAT_Zn,135,50,35,22.7715,5126.62824,0.395547539,23.23970714,15277.29334
OAT_Zn,135,50,35,10.4168,5117.024949,0.389862039,23.15999562,7704.901725
OAT_Zn,135,50,35,29.6816,5131.999451,0.398727493,23.28429054,19512.60325
OAT_Zn,135,50,35,23.6762,5127.331462,0.395963873,23.24554419,15831.79833
OAT_Zn,135,50,35,29.7195,5132.028911,0.398744934,23.28453507,19535.83276
OAT_Zn,135,50,35,16.2726,5121.576654,0.392556815,23.19777676,11294.01444
OAT_Zn,135,50,35,24.0115,5127.59209,0.396118174,23.24770752,16037.30902
OAT_Zn,135,50,35,28.3075,5130.931365,0.398095147,23.27542496,18670.39557
OAT_Zn,135,50,35,14.6798,5120.338573,0.391823826,23.18750015,10317.76205
OAT_Zn,135,50,35,11.1675,5117.608467,0.390207503,23.16483907,8165.017664
OAT_Zn,135,50,35,17.6603,5122.655311,0.39319542,23.20673009,12144.55778
OAT_Zn,135,50,35,20.8888,5125.16482,0.394681141,23.22756011,14123.35665
OAT_Zn,135,50,35,20.9287,5125.195834,0.394699502,23.22781754,14147.81199
OAT_Zn,135,50,35,16.9653,5122.115089,0.392875588,23.20224601,11718.58126
OAT_Zn,135,50,35,16.3894,5121.667443,0.392610565,23.19853035,11365.60301
OAT_Zn,135,50,35,25.2625,5128.564491,0.396693871,23.25577887,16804.06676
OAT_Zn,135,50,35,25.9942,5129.13324,0.397030591,23.26049974,17252.5373
OAT_Zn,135,50,35,23.1587,5126.92921,0.395725725,23.24220532,15514.61437
OAT_Zn,135,50,35,20.782,5125.081804,0.394631993,23.22687105,14057.89723
OAT_Zn,135,50,35,29.6269,5131.956933,0.398702321,23.28393762,19479.07676
OAT_Zn,135,50,35,26.9104,5129.845401,0.397452217,23.26641099,17814.09081
OAT_Zn,135,50,35,25.6813,5128.890024,0.396886598,23.25848093,17060.75592
OAT_Zn,135,50,35,10.0207,5116.717061,0.389679758,23.15744001,7462.125752
OAT_Zn,135,50,35,28.7358,5131.264282,0.398292246,23.27818832,18932.90743
OAT_Zn,135,50,35,15.8939,5121.282291,0.392382541,23.19533342,11061.9032
OAT_Zn,135,50,35,14.7891,5120.423532,0.391874124,23.18820534,10384.75376
OAT_Zn,135,50,35,14.3089,5120.050273,0.391653141,23.18510713,10090.43156
OAT_Zn,135,50,35,13.3105,5119.274218,0.391193688,23.17866554,9478.49636
OAT_Zn,135,50,35,16.8268,5122.007433,0.392811852,23.20135242,11633.69241
OAT_Zn,135,50,35,16.6253,5121.850807,0.392719124,23.20005236,11510.18986
OAT_Zn,135,50,35,23.5583,5127.239819,0.395909616,23.24478351,15759.53555
RANDOM,147.4507,42.0189,33.6484,12.0323,5170.299596,0.399991324,24.89451709,8722.76797
RANDOM,133.0325,55.8123,39.5478,14.6446,5138.392689,0.397816941,23.03393346,10322.3578
RANDOM,126.0849,40.0523,32.3392,23.7682,5033.68638,0.371161326,21.74172711,15793.37384
RANDOM,143.9397,43.6715,35.4569,23.6597,5167.235864,0.403066168,24.49247154,15842.89455
RANDOM,144.6131,56.25,33.0189,10.7603,5190.704567,0.409042044,24.65997115,7986.059037
RANDOM,149.5897,42.0766,30.7427,16.9487,5179.146691,0.403480514,25.20978865,11739.68088
RANDOM,123.0858,54.9673,33.1959,10.2052,5049.979749,0.376011247,21.43206729,7529.298947
RANDOM,133.5294,55.5663,34.8699,25.7079,5135.331578,0.400216966,23.11780847,17092.28633
RANDOM,130.675,49.5791,36.0589,22.4268,5100.786691,0.389335448,22.60004177,15044.66263
RANDOM,134.911,49.3158,31.4517,25.6885,5115.637242,0.393666815,23.19142834,17052.37726
RANDOM,148.4589,59.7795,38.9849,17.8154,5248.935193,0.425514728,25.40328836,12360.83709
RANDOM,128.3707,50.2636,35.4337,22.2495,5086.07744,0.386130131,22.25757408,14925.22402
RANDOM,147.4823,59.9504,32.2854,16.8214,5222.231742,0.419247093,25.17069387,11729.35025
RANDOM,143.0028,43.4916,35.2571,14.9806,5153.397301,0.397380806,24.29179206,10517.19344
RANDOM,142.4378,52.38,36.4359,19.9649,5183.063968,0.408532803,24.38199944,13609.41772
RANDOM,133.6767,51.3153,30.1088,22.9792,5107.431627,0.391695419,23.00206062,15390.14972
RANDOM,139.5539,41.4958,33.856,26.8087,5130.599397,0.394812638,23.80809873,17736.87335
RANDOM,138.5607,44.832,36.4368,28.4669,5143.044565,0.399204824,23.75070088,18768.85897
RANDOM,141.2835,53.3617,33.4262,21.1234,5170.388309,0.406309802,24.19421979,14309.54631
RANDOM,121.3958,51.4841,39.5818,19.4448,5055.536524,0.378632552,21.26902201,13186.16953
RANDOM,134.5196,48.3605,35.2503,15.6366,5114.01244,0.390089134,23.10164523,10895.54291
RANDOM,145.0263,47.7509,31.7884,18.4342,5170.88594,0.403846486,24.63376011,12652.94361
RANDOM,125.4305,44.3627,37.2323,20.5759,5054.325234,0.376362401,21.7461929,13864.40562
RANDOM,139.0173,53.5175,37.2569,17.5187,5165.161382,0.404078736,23.88299416,12099.29614
RANDOM,149.1515,53.868,33.9585,21.4095,5223.796112,0.418863168,25.38246443,14529.24312
RANDOM,131.6535,45.8923,34.2693,21.4663,5090.157702,0.385429157,22.66452997,14440.88419
RANDOM,129.5977,43.6929,33.8845,23.6761,5071.229339,0.380966693,22.33606877,15774.44713
RANDOM,139.7197,52.0215,33.6152,17.41,5154.217328,0.401092641,23.92031699,12020.35201
RANDOM,122.5533,59.5584,34.1123,13.2925,5065.096862,0.381862829,21.44991993,9440.377073
RANDOM,127.4841,43.4185,30.2098,24.7076,5046.688717,0.375569147,21.97822586,16384.74764
RANDOM,146.8436,55.9009,30.3908,14.1889,5198.632858,0.411762562,24.97688137,10090.59616
RANDOM,135.2559,40.4682,32.1862,18.007,5088.362067,0.382289736,23.07533608,12311.13551
RANDOM,142.1969,44.823,32.9724,29.5069,5156.534521,0.402662889,24.25619443,19415.86001
RANDOM,138.0921,45.1461,38.238,24.2098,5143.09719,0.398094174,23.68025283,16163.3049
RANDOM,130.4397,50.014,34.7402,14.1649,5090.152624,0.384727745,22.50155921,9977.882948
RANDOM,140.2206,44.2415,34.086,20.5198,5138.631391,0.395799258,23.90915581,13897.82403
RANDOM,139.4552,45.9367,31.976,19.2022,5131.295472,0.394331972,23.78476076,13087.7061
RANDOM,121.3575,48.7618,31.423,20.4049,5023.516551,0.370758592,21.12922172,13741.29056
RANDOM,124.9918,47.3881,31.5484,13.0877,5037.359795,0.371439748,21.605443,9269.921762
RANDOM,122.635,56.4847,39.357,10.154,5070.063423,0.381024552,21.46276423,7518.361748
RANDOM,149.0285,57.7627,39.7085,23.0906,5252.983761,0.427253192,25.5022244,15590.57146
RANDOM,133.2967,46.6682,36.5995,13.3976,5103.634713,0.386486436,22.89739255,9513.431343
RANDOM,138.6298,49.7404,37.6781,25.2376,5158.985419,0.403570818,23.82603857,16813.70356
RANDOM,138.7437,45.5816,35.8705,18.818,5137.180574,0.395398451,23.71945771,12857.45614
RANDOM,125.6046,50.5561,31.1821,13.259,5049.498837,0.375337698,21.7388158,9390.319404
RANDOM,132.3467,48.4304,32.6253,25.4761,5100.107599,0.389714567,22.80975741,16908.33783
RANDOM,133.8085,59.1823,39.7957,24.0067,5161.154852,0.406802905,23.26144414,16079.27166
RANDOM,135.1278,49.9108,35.8926,13.6927,5122.818327,0.392073861,23.20996743,9715.428137
RANDOM,135.4888,50.3275,37.9963,19.7955,5137.417745,0.397256895,23.33521681,13465.15974
RANDOM,125.9307,56.6672,38.6767,20.7042,5097.731539,0.390440147,22.01615636,14000.78417
RANDOM,130.8705,42.6315,32.5587,13.9352,5064.679592,0.376391977,22.43121487,9802.731029
RANDOM,136.7208,47.8112,31.0826,17.747,5115.503638,0.390914885,23.38371296,12187.03536
RANDOM,148.9713,53.0653,36.691,10.9806,5220.451144,0.414851171,25.31069069,8140.223278
RANDOM,128.7063,45.8758,39.71,29.8731,5094.285776,0.388646024,22.34681145,19592.72311
RANDOM,149.9433,48.4851,32.3485,25.6795,5211.655623,0.415515613,25.4307502,17123.76262
RANDOM,132.3779,47.2231,35.1102,17.7165,5098.260945,0.386668769,22.77782891,12154.12291
RANDOM,135.4212,40.4954,37.0247,12.9771,5100.178685,0.383528868,23.12792255,9242.125178
RANDOM,131.5404,42.815,30.3436,20.0192,5067.526872,0.378855615,22.54545971,13530.03373
RANDOM,128.6335,51.2189,30.9548,27.0731,5080.767272,0.386651234,22.2860219,17875.06616
RANDOM,121.0511,40.543,30.9638,12.9088,4990.464675,0.358328998,20.91148852,9109.737737
RANDOM,144.926,51.0952,39.9549,18.0482,5204.300599,0.4124083,24.7656363,12451.59194
RANDOM,125.6651,52.2224,34.5725,24.7709,5073.90218,0.384691475,21.88808474,16462.46128
RANDOM,143.633,46.947,31.233,14.4161,5154.877407,0.398770531,24.38176754,10178.12523
RANDOM,131.8258,43.8845,37.8947,10.0693,5087.495719,0.380890274,22.63281268,7457.690694
RANDOM,123.701,48.0063,37.6914,26.0438,5059.536188,0.380293896,21.58174528,17223.21173
RANDOM,136.0269,46.3577,31.8967,21.3035,5112.07979,0.390631665,23.29247819,14359.38752
RANDOM,126.2805,40.137,38.0813,21.6261,5050.833344,0.374444661,21.82949437,14497.15243
RANDOM,129.2946,51.9875,36.296,21.8535,5099.265256,0.389613695,22.42815178,14696.79045
RANDOM,141.2523,51.3827,32.5524,12.5117,5155.107917,0.39972903,24.09475394,9020.553819
RANDOM,148.7492,45.5922,39.1807,19.4206,5211.385584,0.412626077,25.25562291,13287.58149
RANDOM,141.879,47.3243,34.7139,20.4222,5159.971638,0.401698496,24.20772219,13861.13239
RANDOM,125.1952,58.775,35.1946,15.1354,5084.34213,0.386541743,21.85769427,10583.24814
RANDOM,149.0029,52.6682,34.9737,14.2375,5216.849807,0.414833753,25.30941061,10130.35044
RANDOM,126.6976,42.7684,32.5908,28.8538,5050.19497,0.377288131,21.9079671,18925.59025
RANDOM,143.127,42.1326,31.4034,13.7799,5137.680847,0.393036205,24.2352409,9765.950978
RANDOM,135.3429,56.2038,31.2586,10.7863,5126.242556,0.394199802,23.2561526,7949.018062
RANDOM,122.2527,59.7091,35.3187,27.6428,5078.413863,0.38899473,21.5148376,18238.19511
RANDOM,140.4725,40.2392,38.0265,13.0243,5134.662225,0.391392161,23.8897428,9298.862665
RANDOM,136.2,40.6326,31.0673,27.1251,5098.565018,0.387277191,23.26334179,17902.35695
RANDOM,136.7089,52.1827,30.1121,10.2718,5119.396211,0.39116999,23.38444201,7620.934316
RANDOM,125.8953,52.4415,30.7775,12.7137,5055.186013,0.377124346,21.80067265,9064.382325
RANDOM,121.3701,50.7903,38.0018,27.0886,5054.531953,0.380346295,21.28494949,17863.93011
RANDOM,135.8827,57.9225,37.0285,23.9935,5162.345815,0.406704958,23.5180537,16069.29666
RANDOM,127.2653,42.4074,35.3286,23.6819,5056.999174,0.377238914,21.98797469,15764.40356
RANDOM,124.6701,43.211,33.9386,29.3415,5043.013588,0.375892511,21.63203881,19219.43827
RANDOM,135.243,51.1175,33.6986,11.6735,5118.872007,0.391031382,23.20422071,8477.59529
RANDOM,137.9758,55.5947,37.5706,15.627,5164.041866,0.403968751,23.74929692,10943.93754
RANDOM,128.7274,46.2009,34.7957,17.9626,5071.283873,0.380185665,22.21682351,12280.92638
RANDOM,128.3926,42.2605,35.3795,21.9997,5062.597487,0.378007878,22.14363887,14738.72716
RANDOM,133.31,54.8665,39.6711,24.6968,5145.596396,0.401988299,23.12809261,16481.33695
RANDOM,130.0211,41.4574,33.1812,28.47,5069.033014,0.381081846,22.38927318,18703.7037
RANDOM,129.2269,48.125,36.604,29.6257,5094.577731,0.389437707,22.41656785,19444.86665
RANDOM,139.1523,58.9595,33.1284,13.9649,5166.62351,0.405281253,23.90711614,9933.471929
RANDOM,134.0307,44.2167,37.0236,27.6875,5113.570503,0.391976842,23.06903373,18266.65907
RANDOM,138.1288,43.2881,32.414,20.5506,5117.519009,0.390653485,23.56319619,13897.41197
RANDOM,138.0256,48.0796,37.4818,13.8046,5140.83127,0.395628266,23.63595114,9795.6556
RANDOM,146.8562,51.2464,37.4031,16.0453,5207.778815,0.412740367,25.0108809,11227.80819
RANDOM,135.77,53.4134,32.8367,23.7372,5135.678829,0.399067672,23.38286648,15881.62953
RANDOM,124.361,49.1281,38.4618,29.3611,5071.902409,0.384434304,21.72716795,19266.59463
RANDOM,143.9575,50.2703,33.0198,11.1164,5169.428252,0.402264399,24.47871794,8175.995185
RANDOM,128.7641,45.3161,35.7894,13.4318,5068.421398,0.377944206,22.19268112,9503.083761
RANDOM,139.5053,57.3574,36.1138,11.5231,5171.321947,0.405100125,23.95799293,8439.981357
RANDOM,142.2015,56.2342,36.5947,16.5816,5190.610825,0.41059061,24.38226748,11551.00349
RANDOM,149.0505,52.4802,37.6203,10.7517,5221.880051,0.414907787,25.3241419,8000.381068
RANDOM,132.5072,42.1102,31.2048,28.5963,5080.900115,0.384102186,22.74543743,18791.45152
RANDOM,144.6922,46.421,38.9663,23.2246,5190.267266,0.409102174,24.68481398,15600.95279
RANDOM,144.2751,47.1951,30.2057,12.9581,5155.455829,0.398593355,24.45886965,9286.114374
RANDOM,142.4855,45.331,31.6797,25.5865,5152.902507,0.400913187,24.26516905,17013.14604
RANDOM,134.2134,45.912,37.8687,16.2641,5113.331314,0.389256991,23.05738242,11275.34753
RANDOM,140.0577,44.1566,39.6204,11.6372,5147.136375,0.395143672,23.89499707,8467.122063
RANDOM,137.0574,51.0753,34.2967,27.8484,5144.681352,0.401503078,23.58578293,18402.28064
RANDOM,129.7686,51.3807,38.1291,16.4579,5101.855516,0.388464127,22.47800157,11394.56732
RANDOM,139.7485,49.8307,38.8246,10.3714,5158.275204,0.39924079,23.91235429,7711.215043
RANDOM,129.8201,53.5324,35.0104,26.8117,5107.078554,0.393339381,22.54469106,17741.48107
RANDOM,133.8126,47.9504,35.9159,11.5656,5107.161133,0.387219139,22.97238626,8396.763906
RANDOM,127.9456,49.2475,36.9946,20.0745,5083.434334,0.384548299,22.1849615,13589.86115
RANDOM,136.9604,56.6234,38.8508,21.0657,5168.654208,0.406877986,23.6637172,14279.84397
RANDOM,138.0348,57.4957,36.8958,16.0586,5168.243107,0.405696921,23.77980017,11214.89947
RANDOM,143.1378,40.0835,34.3406,15.3736,5141.892099,0.39372996,24.25414192,10742.11549
RANDOM,139.2127,55.1679,38.1193,20.5326,5176.146845,0.40798827,23.96595362,13956.75972
RANDOM,141.8555,40.7852,34.9829,15.1147,5137.501343,0.392865352,24.0794195,10581.42119
RANDOM,134.1419,44.1384,37.1543,20.154,5108.589562,0.388683714,23.0374966,13649.85692
RANDOM,128.6829,52.1779,31.6432,23.874,5083.459099,0.386677754,22.29505209,15920.37947
RANDOM,127.3504,56.3723,38.4077,20.1147,5104.646284,0.39177624,22.21635238,13644.88612
RANDOM,131.9289,50.2668,33.5767,24.7456,5105.086395,0.391246878,22.780951,16468.63177
RANDOM,135.3786,44.5419,35.9688,24.7171,5117.609451,0.392198575,23.24232557,16451.58299
RANDOM,148.9847,42.0135,35.343,27.2746,5197.012654,0.410403074,25.24240463,18077.47595
RANDOM,123.062,52.5505,32.1518,27.2975,5052.939978,0.380716686,21.49114574,17992.45442
RANDOM,140.9163,41.0804,38.1958,11.7214,5139.431565,0.39240036,23.9616523,8506.555063
RANDOM,138.4026,56.6294,34.357,18.9513,5162.658105,0.404978884,23.80934574,12979.39633
RANDOM,123.5474,42.5268,32.8597,20.4523,5023.710967,0.368736697,21.38416987,13759.54955
RANDOM,145.114,43.148,37.718,12.8655,5171.622848,0.400834392,24.61835683,9236.906591
RANDOM,147.6816,52.1712,36.6412,23.2177,5219.000431,0.417660777,25.18399039,15629.98675
RANDOM,147.222,49.7845,30.732,26.7083,5194.025329,0.412195036,25.03045443,17741.31412
RANDOM,128.6999,53.8082,35.2314,11.0987,5089.198996,0.384889192,22.28307591,8106.663856
RANDOM,120.1182,59.2271,31.8594,17.6062,5045.183229,0.378411674,21.08216043,12064.28317
RANDOM,131.5037,49.8784,31.7917,13.1637,5086.862779,0.383692744,22.6151429,9361.309136
RANDOM,135.807,41.9813,31.4658,14.2312,5091.161881,0.382385526,23.14589321,10004.12895
RANDOM,130.431,49.9351,37.2179,13.3732,5096.726086,0.38595336,22.52475411,9498.881797
RANDOM,146.1816,45.4729,31.0502,15.6535,5167.234273,0.401484501,24.74612187,10943.13348
RANDOM,146.9374,56.5597,31.5067,19.5865,5208.70658,0.415800352,25.04898548,13405.08417
RANDOM,128.611,57.1197,31.8165,15.6025,5091.458313,0.387824868,22.304078,10871.33478
RANDOM,139.3225,57.2676,33.5894,10.0493,5161.136722,0.402350347,23.88864141,7528.600422
RANDOM,138.9152,46.3606,36.3966,21.9389,5144.549795,0.398222527,23.78286225,14775.84719
RANDOM,142.692,57.0784,39.7131,13.8872,5203.500176,0.413031593,24.48878102,9913.955714
RANDOM,126.0546,45.8089,32.776,28.7012,5055.377468,0.379439694,21.8571147,18841.89262
RANDOM,149.5846,46.1704,37.4732,26.5341,5218.765425,0.416545705,25.41313706,17649.74059
RANDOM,140.6421,47.5821,35.6365,13.7203,5150.417124,0.397681922,23.99529862,9750.555085
RANDOM,145.72,53.1071,32.3791,13.6036,5188.899081,0.408399018,24.79020729,9719.694369
RANDOM,123.5752,51.5226,37.9495,24.4228,5068.473994,0.383054477,21.60623061,16244.36903
RANDOM,138.2664,54.7545,31.2627,15.955,5144.678644,0.399425103,23.70441504,11126.12957
RANDOM,137.2459,47.2898,39.3911,17.2326,5141.993716,0.396566892,23.55421529,11894.49501
RANDOM,126.0373,45.8252,37.359,22.1405,5064.038932,0.379521913,21.86928704,14832.95566
RANDOM,143.1805,42.7326,34.8975,10.8564,5148.032486,0.394740825,24.2763061,7986.203231
RANDOM,146.8261,59.0619,33.5954,18.3353,5220.598309,0.41898079,25.08616229,12653.63573
RANDOM,124.3346,51.4978,38.2772,12.8457,5065.227822,0.379039611,21.64841402,9153.291568
RANDOM,128.2985,59.6908,34.1914,20.7181,5108.081125,0.393902917,22.35688834,14022.20717
RANDOM,139.6029,44.269,38.1363,29.8013,5154.209013,0.401939855,23.92761974,19594.33241
RANDOM,140.1904,47.8517,34.9979,10.0714,5143.561522,0.395175582,23.90039197,7511.161506
RANDOM,133.9327,45.2469,33.6616,26.4654,5104.849881,0.390018882,23.01963608,17512.42002
RANDOM,121.1387,46.9058,39.0808,26.3245,5044.428286,0.37650288,21.20314196,17381.09132
RANDOM,131.1637,57.5785,35.3059,26.1177,5127.747673,0.399239527,22.80220542,17340.74104
RANDOM,130.454,56.8463,33.6478,11.2704,5104.557484,0.389507248,22.56956915,8229.433228
RANDOM,122.5051,44.3518,33.5352,24.6816,5027.702469,0.371435723,21.29071191,16355.75998
RANDOM,121.8454,51.5199,35.9139,29.5405,5055.287646,0.381485112,21.35617918,19366.66784
RANDOM,124.7449,40.9287,36.0197,13.9161,5031.143401,0.368034019,21.53670439,9761.399532
RANDOM,142.0681,58.4322,39.034,18.7206,5205.170348,0.415232496,24.43800488,12877.01629
RANDOM,133.6603,53.2797,36.7043,18.0602,5129.107637,0.395848335,23.07789374,12400.93738
RANDOM,133.9451,54.1041,34.4833,25.5356,5132.42894,0.399023623,23.15285573,16981.7095
RANDOM,144.4418,46.3586,35.0809,29.5423,5181.682247,0.408942376,24.63917069,19461.23394
RANDOM,149.9537,45.8115,35.289,22.2837,5210.180781,0.413290439,25.40847362,15039.18707
RANDOM,140.473,55.8533,30.2518,12.2174,5155.970933,0.401358134,24.01237698,8848.620159
RANDOM,134.8021,48.8786,34.8111,27.5161,5125.226621,0.39619079,23.22238193,18179.12858
RANDOM,136.5878,57.1463,33.2476,22.5594,5152.061017,0.403738179,23.5558364,15180.63636
RANDOM,126.4096,52.846,32.1412,28.7791,5076.238102,0.386602744,22.00369159,18919.11712
RANDOM,146.2413,57.7394,35.7504,27.5503,5226.692995,0.422502827,25.06620723,18298.86599
RANDOM,134.669,42.6679,39.8055,17.0637,5113.267143,0.388364589,23.10787888,11759.44927
RANDOM,125.5631,46.5855,30.5898,17.8439,5039.470871,0.373014294,21.69785301,12182.12933
RANDOM,129.4642,53.6371,31.9091,24.097,5093.651578,0.389567304,22.43717434,16067.90475
RANDOM,141.1525,47.6341,36.0534,10.3306,5152.441508,0.397206489,24.05540847,7676.931856
RANDOM,140.8506,55.7708,32.8828,11.5097,5165.521822,0.403290132,24.09553186,8423.502064
RANDOM,132.9584,52.307,33.6519,24.2382,5117.40534,0.394616328,22.96132581,16171.68305
RANDOM,146.7055,56.2606,36.4899,26.2705,5226.586827,0.421618734,25.11506598,17512.6752
RANDOM,146.0497,50.7536,37.2704,18.3319,5202.587265,0.412025453,24.89672346,12622.70989
RANDOM,143.3025,44.7909,35.9665,26.1608,5169.912658,0.404746625,24.43604398,17378.58064
RANDOM,142.4316,49.0052,30.8299,20.0926,5156.404964,0.401403044,24.26390696,13658.61321
RANDOM,121.1583,43.1743,33.9557,28.6915,5020.087972,0.370411217,21.10418519,18802.72085
RANDOM,129.6038,51.9473,32.4082,25.7351,5092.40782,0.389175173,22.4504742,17066.93589
RANDOM,124.1212,56.3745,31.8982,20.4102,5064.681995,0.382754337,21.65631891,13791.87495
RANDOM,136.901,52.4827,34.5705,16.6593,5139.904645,0.397717454,23.51388896,11550.09037
RANDOM,145.0554,55.1291,33.5627,27.0048,5204.530513,0.416415344,24.82134326,17941.64521
RANDOM,147.6106,52.0915,33.04,16.1549,5201.964255,0.411782453,25.08202892,11290.76472
RANDOM,133.5635,45.635,35.5021,29.2684,5111.356983,0.392403852,23.01110228,19235.04223
RANDOM,143.3637,53.3034,33.7909,28.5758,5190.359633,0.412983317,24.55598975,18888.76112
RANDOM,128.2064,55.1625,34.7467,21.2434,5096.41593,0.38985823,22.28841911,14326.30217
RANDOM,135.6879,56.6648,30.791,11.5336,5128.950101,0.395193949,23.31320714,8409.512062
RANDOM,122.6941,41.0892,35.2437,21.3231,5021.965939,0.36806486,21.27155329,14289.22655
RANDOM,123.7407,44.1906,39.4613,16.248,5046.422686,0.373230011,21.49162406,11208.23915
RANDOM,147.9136,58.2372,39.5448,25.6158,5248.731638,0.427141403,25.35715191,17134.06448
RANDOM,138.6202,52.1503,35.9976,27.464,5162.590502,0.4058505,23.85273157,18183.80593
